Incidence, US by County, All Races, Kidney & Renal Pelvis (Both Sexes), 2013 - 2017
Area,Age-Adjusted Rate per 100,000,Lower CI,Upper CI,Count
"Franklin, Virginia","42.3","25.1","67.1","21"
"Holmes, Mississippi","41.2","29.3","56.5","41"
"Randolph, Arkansas","38.7","27.1","53.6","41"
"Cass, Illinois","38.7","25.8","56.0","30"
"Greene, Illinois","37.7","24.8","55.1","29"
"Powell, Kentucky","36.4","22.6","55.4","23"
"Nolan, Texas","35.8","24.4","50.9","34"
"Richmond, Virginia","35.8","22.3","55.6","22"
"Hamilton, Illinois","35.8","21.3","57.3","20"
"Meigs, Tennessee","35.7","22.8","53.7","27"
"Livingston, Kentucky","35.6","20.7","57.5","20"
"Allen, Louisiana","35.3","26.1","46.7","50"
"Tippah, Mississippi","35.2","25.7","47.4","46"
"Noxubee, Mississippi","34.7","21.1","54.0","21"
"Pendleton, Kentucky","34.7","22.6","51.0","28"
"Union, Florida","34.7","23.7","49.6","34"
"Roosevelt, Montana","33.8","19.2","54.8","17"
"Clay, Illinois","33.6","21.6","50.1","28"
"Edmonson, Kentucky","33.6","21.5","50.5","27"
"Rockcastle, Kentucky","33.5","23.0","47.5","35"
"Clay, Arkansas","33.3","21.8","48.8","30"
"Swain, North Carolina","32.9","21.6","48.2","29"
"Dawson, Texas","32.8","20.3","50.1","22"
"Crittenden, Kentucky","32.7","19.6","52.1","21"
"Butler, Kentucky","32.7","20.6","49.6","24"
"McLean, Kentucky","32.7","19.6","51.9","20"
"Benton, Mississippi","32.6","18.2","54.4","16"
"Menard, Illinois","32.4","20.3","49.4","25"
"Monroe, Arkansas","32.2","17.4","55.1","16"
"Greene, Iowa","32.2","19.7","50.8","23"
"Jasper, Texas","32.1","24.6","41.2","70"
"Owen, Kentucky","31.9","19.3","50.2","21"
"Henry, Kentucky","31.8","21.3","46.0","31"
"Madison, Missouri","31.8","20.1","48.2","24"
"Logan, West Virginia","31.4","24.1","40.2","71"
"St. Helena, Louisiana","31.4","18.9","49.5","21"
"Scott, Missouri","31.2","24.2","39.7","72"
"Brunswick, Virginia","31.1","21.4","44.1","36"
"Glacier, Montana","30.9","18.6","48.3","20"
"Prentiss, Mississippi","30.9","22.7","41.2","49"
"Pike, Indiana","30.9","19.5","47.0","25"
"Vermillion, Indiana","30.7","20.5","44.5","31"
"Choctaw, Mississippi","30.7","17.6","50.5","18"
"King William, Virginia","30.6","20.2","44.6","29"
"Wayne, Missouri","30.6","20.0","45.5","31"
"Chickasaw, Mississippi","30.6","20.9","43.4","33"
"Lincoln, Wisconsin","30.5","23.2","39.8","63"
"Martin, Kentucky","30.2","18.7","46.7","22"
"Greensville, Virginia","30.1","18.7","46.5","22"
"Winston, Mississippi","30.0","20.9","42.1","37"
"Warren, North Carolina","29.9","20.9","41.9","41"
"Cleveland, Arkansas","29.9","16.5","50.3","16"
"Clay, Iowa","29.8","19.7","43.5","30"
"Grant, Arkansas","29.8","20.4","42.4","34"
"Keith, Nebraska","29.8","16.6","50.4","18"
"Yazoo, Mississippi","29.7","21.6","40.0","45"
"St. Clair, Missouri","29.7","17.8","47.9","22"
"St. Mary, Louisiana","29.7","23.6","36.9","86"
"Martin, Indiana","29.7","17.4","47.8","19"
"Carroll, Tennessee","29.6","21.4","40.0","48"
"Carroll, Kentucky","29.5","16.9","47.8","17"
"Bibb, Alabama","29.5","20.9","40.6","40"
"Posey, Indiana","29.5","20.9","40.3","43"
"Crawford, Missouri","29.4","20.8","40.3","42"
"Little River, Arkansas","29.4","17.9","45.7","22"
"Clinton, Missouri","29.3","20.4","41.0","37"
"Clay, Kentucky","29.2","19.9","41.4","33"
"DeWitt, Texas","29.2","20.6","40.3","41"
"Larue, Kentucky","29.1","18.6","43.7","25"
"Adams, Ohio","28.8","21.0","38.6","49"
"Macoupin, Illinois","28.8","22.9","35.9","91"
"Scott, Tennessee","28.8","20.1","40.2","38"
"Frio, Texas","28.6","18.4","42.4","25"
"Goochland, Virginia","28.6","20.4","39.4","45"
"Craighead, Arkansas","28.6","24.1","33.6","153"
"Caldwell, Louisiana","28.5","16.3","46.8","17"
"Okfuskee, Oklahoma","28.4","17.1","44.5","20"
"Caroline, Virginia","28.4","20.9","37.8","50"
"Shelby, Iowa","28.4","16.9","45.3","22"
"Madison, Louisiana","28.3","16.3","45.9","17"
"Lincoln, West Virginia","28.3","19.7","39.5","38"
"Montgomery, Mississippi","28.2","16.4","45.6","19"
"Clark, Arkansas","28.2","19.4","39.7","35"
"Christian, Illinois","28.1","21.4","36.4","63"
"Page, Iowa","28.1","18.5","41.2","30"
"Franklin, Louisiana","28.1","19.6","39.3","37"
"Allendale, South Carolina","28.0","15.8","46.5","17"
"Garrard, Kentucky","28.0","18.8","40.6","31"
"Cedar, Missouri","28.0","18.4","41.4","30"
"Cerro Gordo, Iowa","27.9","21.9","35.0","85"
"Bertie, North Carolina","27.9","19.8","38.7","42"
"Okmulgee, Oklahoma","27.8","21.3","35.7","68"
"Bienville, Louisiana","27.8","17.1","42.9","23"
"Mingo, West Virginia","27.8","19.9","37.9","45"
"Carter, Kentucky","27.8","19.8","37.9","43"
"Floyd, Kentucky","27.8","21.2","35.9","65"
"Mason, Kentucky","27.7","18.4","40.3","30"
"Cibola, New Mexico","27.7","19.9","37.7","43"
"Noble, Ohio","27.6","16.3","43.8","23"
"Putnam, Indiana","27.6","21.1","35.5","64"
"Union, Mississippi","27.6","20.0","37.2","45"
"Williamson, Illinois","27.4","22.4","33.3","112"
"Kiowa, Oklahoma","27.4","15.2","46.0","17"
"Wayne, Illinois","27.3","18.1","39.8","31"
"Sunflower, Mississippi","27.3","19.3","37.7","39"
"Morehouse, Louisiana","27.3","19.3","37.5","43"
"Ottawa, Oklahoma","27.2","19.9","36.2","51"
"Pointe Coupee, Louisiana","27.2","19.2","37.6","42"
"Vernon, Louisiana","27.1","20.7","34.8","62"
"Kleberg, Texas","27.1","18.9","37.6","37"
"Sabine, Louisiana","27.1","18.8","37.9","38"
"Montgomery, Arkansas","27.0","14.6","46.3","18"
"Jackson, Texas","27.0","17.1","40.8","25"
"White, Illinois","27.0","17.1","40.9","26"
"Vilas, Wisconsin","27.0","18.2","38.9","45"
"Stoddard, Missouri","27.0","19.9","36.0","51"
"Neshoba, Mississippi","26.9","19.2","36.8","42"
"White, Tennessee","26.9","18.9","37.1","41"
"Richland, Illinois","26.9","18.1","39.1","31"
"Hale, Alabama","26.9","16.8","41.1","24"
"Chariton, Missouri","26.9","15.1","46.0","17"
"Dimmit, Texas","26.9","15.1","44.5","16"
"St. John the Baptist, Louisiana","26.8","20.3","34.8","61"
"Lafourche, Louisiana","26.8","22.6","31.6","151"
"Tishomingo, Mississippi","26.8","18.6","37.7","37"
"Caswell, North Carolina","26.8","19.1","36.9","44"
"Ritchie, West Virginia","26.8","15.3","44.3","18"
"Pike, Mississippi","26.8","20.4","34.6","63"
"Iberville, Louisiana","26.7","19.6","35.5","50"
"Wharton, Texas","26.7","20.6","34.1","69"
"Maverick, Texas","26.7","20.8","33.8","71"
"Hot Spring, Arkansas","26.7","20.0","35.0","57"
"Braxton, West Virginia","26.6","17.0","40.1","27"
"Bolivar, Mississippi","26.6","19.6","35.5","51"
"San Patricio, Texas","26.6","21.5","32.5","99"
"Evangeline, Louisiana","26.5","19.6","35.1","51"
"Henry, Missouri","26.5","18.5","37.0","40"
"Vermilion, Louisiana","26.5","21.1","32.9","87"
"Washington, Indiana","26.5","19.1","36.0","45"
"La Salle, Louisiana","26.5","16.8","40.0","24"
"St. Landry, Louisiana","26.4","21.9","31.5","130"
"Mississippi, Missouri","26.4","16.4","40.5","22"
"Poinsett, Arkansas","26.4","18.7","36.6","40"
"Wapello, Iowa","26.3","19.8","34.4","58"
"Essex, Virginia","26.3","15.9","41.9","22"
"Langlade, Wisconsin","26.3","17.4","38.3","34"
"Muhlenberg, Kentucky","26.2","19.4","34.8","53"
"Wilbarger, Texas","26.1","15.8","41.1","20"
"Johnson, Arkansas","26.1","18.6","35.6","42"
"Smith, Mississippi","26.1","16.9","38.8","27"
"Macon, Tennessee","26.1","17.8","36.9","34"
"Andrews, Texas","26.1","15.8","40.4","20"
"McDuffie, Georgia","26.1","17.4","37.7","31"
"Converse, Wyoming","26.1","16.0","40.3","22"
"Vernon, Missouri","26.1","17.7","37.2","34"
"Mercer, Kentucky","26.1","18.4","36.4","39"
"Wayne, Georgia","26.1","18.9","35.2","45"
"Ellis, Texas","26.0","22.5","29.8","218"
"Adair, Oklahoma","26.0","17.6","37.1","32"
"Osceola, Michigan","26.0","18.3","36.1","41"
"Randolph, Illinois","26.0","19.6","33.9","59"
"Shelby, Indiana","26.0","20.2","33.0","72"
"Tom Green, Texas","26.0","22.1","30.5","163"
"Webster, Mississippi","26.0","14.5","43.4","16"
"Crook, Oregon","26.0","17.9","36.8","43"
"Acadia, Louisiana","26.0","20.8","32.2","91"
"Montgomery, Illinois","25.9","19.1","34.5","52"
"Union, Oregon","25.9","17.9","36.3","39"
"Owen, Indiana","25.9","18.0","36.4","38"
"Tama, Iowa","25.8","16.9","37.9","29"
"Effingham, Georgia","25.8","20.0","32.7","73"
"Ford, Illinois","25.8","15.9","40.1","22"
"Lincoln, Montana","25.8","18.2","36.3","47"
"Floyd, Indiana","25.8","21.2","31.2","113"
"Humphreys, Tennessee","25.8","17.6","37.1","33"
"Conecuh, Alabama","25.7","15.7","40.2","23"
"Marinette, Wisconsin","25.7","19.9","32.7","78"
"Johnson, Kentucky","25.7","18.1","35.7","40"
"Gasconade, Missouri","25.7","16.7","38.4","29"
"Stewart, Tennessee","25.5","16.3","38.8","25"
"Yell, Arkansas","25.5","17.5","36.0","34"
"Pulaski, Missouri","25.5","18.8","33.8","49"
"Southampton, Virginia","25.4","17.8","35.9","37"
"Lawrence, Ohio","25.4","20.3","31.3","95"
"Ashley, Arkansas","25.4","17.4","35.9","35"
"McLean, North Dakota","25.4","13.9","43.2","17"
"Washington, Ohio","25.3","20.5","30.9","107"
"Clay, Alabama","25.3","15.8","39.0","23"
"St. James, Louisiana","25.3","17.3","36.0","34"
"Fayette, Alabama","25.3","15.8","38.4","25"
"Haralson, Georgia","25.3","18.1","34.6","42"
"Pickens, Georgia","25.3","18.6","33.8","54"
"Concordia, Louisiana","25.3","16.6","37.0","28"
"Muscatine, Iowa","25.3","19.4","32.6","65"
"Independence, Arkansas","25.2","18.8","33.3","54"
"Montgomery, Iowa","25.2","14.3","41.9","17"
"Val Verde, Texas","25.2","19.3","32.4","63"
"Perry, Arkansas","25.2","14.6","41.4","18"
"Simpson, Kentucky","25.1","16.2","37.1","27"
"Gage, Nebraska","25.1","17.0","35.9","36"
"Dickson, Tennessee","25.1","19.9","31.4","82"
"Union, South Carolina","25.1","18.3","33.9","48"
"Scott, Indiana","25.1","17.4","35.3","36"
"Letcher, Kentucky","25.1","17.7","34.9","40"
"Newton, Mississippi","25.1","16.7","36.3","30"
"New Madrid, Missouri","25.1","16.5","36.8","29"
"Clinton, Kentucky","25.1","14.3","41.5","17"
"Woodward, Oklahoma","25.0","16.9","35.8","31"
"Wyoming, West Virginia","25.0","17.4","35.3","39"
"Meade, Kentucky","25.0","17.6","34.6","39"
"Nodaway, Missouri","25.0","16.8","36.2","31"
"Calhoun, Texas","25.0","16.9","35.7","32"
"Wayne, North Carolina","25.0","21.3","29.1","178"
"Callahan, Texas","25.0","15.7","38.3","24"
"Tipton, Indiana","25.0","15.5","38.4","24"
"Hill, Texas","25.0","18.7","33.0","59"
"Hale, Texas","24.9","17.9","33.6","43"
"Morrow, Ohio","24.9","18.4","33.0","52"
"Hardin, Ohio","24.9","18.0","33.8","45"
"Greenup, Kentucky","24.9","18.7","32.6","60"
"Jones, Georgia","24.9","17.8","34.0","42"
"Van Buren, Arkansas","24.9","15.9","37.5","29"
"Laurel, Kentucky","24.8","19.7","30.8","86"
"McIntosh, Oklahoma","24.8","16.6","35.9","36"
"Jackson, Kentucky","24.8","14.7","39.5","19"
"Kewaunee, Wisconsin","24.8","17.1","35.2","35"
"Bell, Texas","24.8","22.2","27.6","357"
"Scotland, North Carolina","24.8","18.4","32.7","54"
"Greene, Arkansas","24.8","19.0","31.8","65"
"Polk, Tennessee","24.7","16.3","36.3","29"
"Apache, Arizona","24.7","19.9","30.4","96"
"Madison, Illinois","24.7","22.2","27.3","391"
"Graves, Kentucky","24.7","18.6","32.3","58"
"Fannin, Texas","24.7","18.4","32.7","54"
"Camp, Texas","24.7","14.6","39.3","19"
"Sangamon, Illinois","24.6","21.8","27.6","306"
"Iberia, Louisiana","24.6","19.8","30.3","94"
"Chambers, Alabama","24.6","18.2","32.6","54"
"Dubois, Indiana","24.6","18.6","31.9","61"
"Copiah, Mississippi","24.6","17.5","33.7","43"
"Spencer, Kentucky","24.5","15.8","36.7","26"
"Amite, Mississippi","24.5","15.1","38.3","23"
"Sussex, Virginia","24.5","14.6","39.4","19"
"Warren, Illinois","24.5","15.2","37.3","24"
"Catahoula, Louisiana","24.4","13.6","41.0","16"
"Morgan, Indiana","24.4","19.8","29.8","105"
"Choctaw, Alabama","24.4","14.9","38.3","23"
"Cabell, West Virginia","24.4","20.5","28.8","147"
"Lawrence, Tennessee","24.4","18.8","31.4","66"
"McClain, Oklahoma","24.4","18.2","32.1","54"
"Loudon, Tennessee","24.3","19.1","30.6","90"
"St. Martin, Louisiana","24.3","19.1","30.5","79"
"Webster, Kentucky","24.3","15.1","37.6","22"
"Macon, Alabama","24.3","15.9","35.8","30"
"Franklin, Illinois","24.3","18.6","31.5","66"
"Jasper, Georgia","24.2","14.4","38.5","20"
"Barren, Kentucky","24.2","18.6","31.0","66"
"Tallahatchie, Mississippi","24.2","14.6","37.9","20"
"Gooding, Idaho","24.2","14.8","37.6","21"
"Green, Kentucky","24.2","14.1","39.6","18"
"Bee, Texas","24.2","17.0","33.4","37"
"Jeff Davis, Georgia","24.2","14.4","38.2","19"
"Lincoln, Louisiana","24.1","17.6","32.0","49"
"Franklin, Iowa","24.1","13.2","40.8","16"
"Henry, Alabama","24.1","15.5","36.1","27"
"Falls, Texas","24.1","15.4","36.1","25"
"Washita, Oklahoma","24.1","14.4","38.5","19"
"Union, South Dakota","24.1","14.8","37.4","22"
"McKinley, New Mexico","24.1","19.2","30.0","85"
"Hinds, Mississippi","24.1","21.4","27.1","303"
"Prince Edward, Virginia","24.1","16.1","35.0","31"
"Hancock, Illinois","24.1","15.6","35.7","30"
"Butler, Missouri","24.1","18.3","31.1","63"
"Atascosa, Texas","24.1","18.5","31.0","65"
"Floyd, Iowa","24.0","15.0","36.7","25"
"Ascension, Louisiana","24.0","20.1","28.4","145"
"Fulton, Illinois","24.0","18.0","31.4","59"
"Rutherford, North Carolina","24.0","19.4","29.4","103"
"Anderson, Kentucky","24.0","16.0","34.6","30"
"Laclede, Missouri","24.0","17.7","31.9","52"
"Amelia, Virginia","24.0","14.6","37.9","22"
"Warrick, Indiana","24.0","19.1","29.9","87"
"Dallas, Alabama","24.0","17.9","31.7","55"
"Covington, Mississippi","24.0","15.3","36.0","25"
"Angelina, Texas","24.0","19.9","28.8","122"
"Dakota, Nebraska","23.9","15.5","35.3","26"
"Bath, Kentucky","23.9","14.3","38.1","19"
"Henry, Illinois","23.9","18.4","30.5","72"
"Keokuk, Iowa","23.9","14.1","39.0","18"
"Vanderburgh, Indiana","23.9","21.0","27.1","259"
"Union, Iowa","23.9","13.7","39.0","18"
"Kingfisher, Oklahoma","23.9","15.0","36.4","23"
"Sullivan, Indiana","23.8","15.8","34.5","30"
"Coles, Illinois","23.8","18.4","30.3","71"
"Yankton, South Dakota","23.8","16.1","34.0","32"
"Washington, Louisiana","23.8","18.3","30.5","68"
"Cheatham, Tennessee","23.8","17.9","31.2","59"
"Noble, Oklahoma","23.7","14.2","38.1","19"
"Pike, Kentucky","23.7","18.8","29.5","87"
"Clinton, New York","23.7","19.6","28.6","119"
"Hughes, Oklahoma","23.7","14.4","37.1","21"
"Bowie, Texas","23.7","19.8","28.3","132"
"Jerome, Idaho","23.7","15.4","34.9","26"
"Athens, Ohio","23.7","18.4","30.1","73"
"Henderson, Tennessee","23.7","16.8","32.8","40"
"Randolph, North Carolina","23.7","20.6","27.3","215"
"Victoria, Texas","23.6","19.5","28.2","124"
"Alcorn, Mississippi","23.6","17.4","31.3","52"
"Nelson, Virginia","23.6","15.3","35.8","29"
"Scotts Bluff, Nebraska","23.6","17.1","31.9","47"
"Mason, West Virginia","23.6","16.9","32.2","45"
"St. Tammany, Louisiana","23.6","21.2","26.3","357"
"Wayne, Mississippi","23.6","15.5","34.7","29"
"Claiborne, Tennessee","23.6","17.0","32.0","48"
"Crawford, Arkansas","23.6","18.9","29.3","89"
"El Paso, Texas","23.6","22.0","25.1","931"
"Chester, Tennessee","23.6","14.7","36.0","23"
"Shoshone, Idaho","23.6","13.2","39.2","19"
"Wayne, New York","23.6","19.7","28.1","139"
"Dodge, Nebraska","23.6","17.6","31.1","55"
"Jefferson, Louisiana","23.5","21.6","25.5","618"
"Medina, Texas","23.5","18.0","30.3","64"
"Jefferson, Wisconsin","23.5","19.4","28.3","122"
"Cass, Nebraska","23.5","16.5","32.6","40"
"Northampton, Virginia","23.5","14.3","37.4","24"
"Hanover, Virginia","23.5","19.8","27.8","149"
"Panola, Mississippi","23.5","17.2","31.5","48"
"Caddo, Oklahoma","23.5","16.7","32.3","41"
"Carroll, Iowa","23.4","15.1","34.7","29"
"Clinton, Indiana","23.4","16.9","31.7","44"
"Spencer, Indiana","23.4","16.1","33.3","34"
"Wabash, Illinois","23.4","13.4","38.3","18"
"Jefferson, Oregon","23.4","15.7","33.8","32"
"Casey, Kentucky","23.4","14.3","36.3","22"
"Tipton, Tennessee","23.4","18.4","29.3","79"
"Henderson, Kentucky","23.4","17.9","30.0","67"
"Johnson, Illinois","23.4","13.7","37.8","19"
"Lancaster, Virginia","23.4","13.4","39.5","24"
"Hamilton, Iowa","23.3","15.1","34.9","27"
"Clark, Indiana","23.3","19.7","27.3","159"
"Warren, Mississippi","23.3","17.9","30.0","66"
"Rains, Texas","23.3","13.9","37.9","21"
"Magoffin, Kentucky","23.3","13.0","38.5","16"
"Fountain, Indiana","23.3","14.8","35.4","25"
"Roscommon, Michigan","23.3","16.8","32.3","54"
"East Feliciana, Louisiana","23.2","15.3","34.2","30"
"Parker, Texas","23.2","19.9","27.0","182"
"Drew, Arkansas","23.2","14.8","34.9","25"
"Knox, Kentucky","23.2","16.7","31.5","44"
"Jefferson, Georgia","23.1","14.4","35.4","23"
"Webster, Louisiana","23.1","17.5","30.1","61"
"Yalobusha, Mississippi","23.1","12.7","38.4","16"
"Chattooga, Georgia","23.1","15.9","32.6","35"
"Starke, Indiana","23.1","15.7","33.1","34"
"Rankin, Mississippi","23.1","19.9","26.7","198"
"Pottawattamie, Iowa","23.1","19.1","27.6","128"
"Wasco, Oregon","23.0","16.2","32.0","40"
"Starr, Texas","23.0","17.7","29.4","64"
"Decatur, Tennessee","23.0","14.0","36.6","22"
"Wood, Texas","23.0","17.5","29.9","75"
"Leflore, Mississippi","23.0","15.8","32.3","35"
"Franklin, Alabama","23.0","16.6","31.2","44"
"Clarendon, South Carolina","23.0","16.8","30.9","53"
"Ben Hill, Georgia","23.0","14.4","35.0","24"
"Livingston, Louisiana","23.0","19.5","26.9","167"
"Callaway, Missouri","23.0","17.2","30.0","57"
"Marion, Tennessee","23.0","16.3","31.8","42"
"Lafayette, Louisiana","22.9","20.2","25.9","278"
"Taylor, Texas","22.9","19.4","26.8","161"
"Buchanan, Missouri","22.9","18.8","27.6","116"
"Hardin, Kentucky","22.9","19.1","27.4","128"
"Daviess, Indiana","22.9","16.6","31.0","45"
"Tallapoosa, Alabama","22.9","17.4","29.7","66"
"Pike, Arkansas","22.9","13.0","38.0","17"
"Tangipahoa, Louisiana","22.9","19.4","26.9","158"
"Gregg, Texas","22.9","19.4","26.9","158"
"Perry, Pennsylvania","22.8","17.6","29.2","71"
"Montgomery, New York","22.8","17.5","29.2","69"
"Macon, Illinois","22.8","19.3","26.9","161"
"Fayette, Ohio","22.8","16.0","31.6","39"
"Pasquotank, North Carolina","22.8","16.9","30.1","53"
"Hopewell, Virginia","22.8","15.4","32.7","31"
"Henderson, Texas","22.8","18.8","27.5","129"
"Jackson, West Virginia","22.7","16.5","30.7","47"
"McLennan, Texas","22.7","20.1","25.6","285"
"Hancock, Mississippi","22.7","17.4","29.2","68"
"Logan, Oklahoma","22.7","17.2","29.5","61"
"Pulaski, Kentucky","22.7","18.2","28.1","93"
"Bacon, Georgia","22.7","12.8","37.9","16"
"Muskogee, Oklahoma","22.7","18.2","27.9","94"
"Nueces, Texas","22.7","20.6","25.0","435"
"Ouachita, Arkansas","22.6","15.7","31.7","38"
"Montague, Texas","22.6","15.1","33.0","31"
"Grayson, Kentucky","22.6","15.8","31.6","38"
"Jackson, Mississippi","22.6","19.4","26.3","181"
"Hopkins, Texas","22.6","16.5","30.2","49"
"Jackson, Ohio","22.6","16.1","30.8","43"
"Guadalupe, Texas","22.6","19.4","26.3","182"
"Gordon, Georgia","22.5","17.5","28.5","72"
"Saline, Illinois","22.5","16.1","31.1","41"
"Iroquois, Illinois","22.5","16.2","30.7","46"
"Pontotoc, Oklahoma","22.5","16.4","30.1","48"
"Laurens, South Carolina","22.5","18.0","27.7","96"
"Kenai Peninsula, Alaska","22.5","17.6","28.5","81"
"Floyd, Georgia","22.5","18.7","26.8","131"
"Las Animas, Colorado","22.5","14.4","34.4","26"
"Racine, Wisconsin","22.5","19.8","25.4","267"
"Bryan, Georgia","22.4","15.7","31.1","38"
"Brooks, Georgia","22.4","14.1","34.1","24"
"Jackson, Arkansas","22.4","14.3","33.8","25"
"Knox, Illinois","22.4","17.4","28.5","76"
"Uvalde, Texas","22.4","15.2","31.9","33"
"Milam, Texas","22.4","15.3","31.9","35"
"Rusk, Wisconsin","22.4","13.4","35.7","23"
"Columbia, Wisconsin","22.3","17.5","28.0","80"
"Walton, Georgia","22.3","18.4","26.9","115"
"Breckinridge, Kentucky","22.3","15.2","32.1","33"
"Juneau, Wisconsin","22.3","16.0","30.7","43"
"Lamar, Texas","22.3","17.3","28.4","72"
"Boone, West Virginia","22.3","15.0","32.1","33"
"Clinton, Illinois","22.3","16.6","29.4","54"
"Northampton, Pennsylvania","22.3","20.1","24.6","428"
"Lincoln, Kentucky","22.3","15.0","32.0","31"
"Fond du Lac, Wisconsin","22.3","18.7","26.4","145"
"Van Zandt, Texas","22.2","17.5","27.9","82"
"Randolph, West Virginia","22.2","16.1","30.1","46"
"Clark, Illinois","22.2","14.1","33.6","25"
"Shelby, Kentucky","22.2","16.8","28.8","61"
"DeKalb, Illinois","22.2","18.1","26.9","107"
"McCurtain, Oklahoma","22.2","16.1","30.0","46"
"Rogers, Oklahoma","22.2","18.3","26.7","119"
"Lavaca, Texas","22.2","14.4","32.9","30"
"Kanawha, West Virginia","22.2","19.6","25.1","281"
"La Salle, Illinois","22.2","18.7","26.2","155"
"Lawrence, Kentucky","22.2","13.3","35.0","21"
"Coryell, Texas","22.2","17.1","28.2","67"
"Hunt, Texas","22.2","18.3","26.6","121"
"DeSoto, Mississippi","22.1","19.0","25.5","194"
"Marshall, Mississippi","22.1","16.2","29.6","50"
"Jefferson, New York","22.1","18.4","26.4","126"
"Taylor, West Virginia","22.1","14.3","33.1","26"
"Orange, Indiana","22.1","14.7","32.3","30"
"Cooper, Missouri","22.1","14.1","33.3","25"
"Decatur, Indiana","22.1","15.0","31.4","33"
"Assumption, Louisiana","22.1","15.1","31.6","34"
"Llano, Texas","22.1","14.4","33.1","40"
"Screven, Georgia","22.1","13.2","35.1","20"
"Coahoma, Mississippi","22.1","14.8","31.9","30"
"Madison, Iowa","22.0","13.6","34.1","22"
"Tioga, Pennsylvania","22.0","16.6","28.6","63"
"Atoka, Oklahoma","22.0","13.0","35.3","19"
"Oldham, Kentucky","22.0","17.1","27.8","77"
"Sanders, Montana","22.0","12.4","37.2","22"
"Marion, Illinois","22.0","16.5","29.0","57"
"Tate, Mississippi","22.0","15.3","30.8","37"
"Pulaski, Indiana","22.0","12.8","35.8","18"
"Claiborne, Louisiana","22.0","13.7","33.8","23"
"Lamar, Alabama","22.0","12.7","35.7","19"
"Jefferson Davis, Mississippi","22.0","11.9","37.3","16"
"Fulton, Arkansas","22.0","12.7","36.3","20"
"Hamilton, Florida","22.0","13.1","34.9","20"
"Panola, Texas","22.0","14.5","32.0","30"
"Sequatchie, Tennessee","22.0","13.6","34.1","23"
"Fentress, Tennessee","21.9","13.9","33.2","26"
"New Kent, Virginia","21.9","14.5","32.1","31"
"Hardin, Iowa","21.9","14.4","32.5","29"
"Lubbock, Texas","21.9","19.5","24.6","309"
"Weakley, Tennessee","21.9","15.5","30.1","42"
"Crenshaw, Alabama","21.9","12.8","35.1","19"
"Orleans, New York","21.9","16.2","28.9","54"
"Jefferson, Illinois","21.9","16.1","29.4","49"
"Cherokee, Oklahoma","21.9","16.5","28.7","58"
"Polk, Georgia","21.9","16.4","28.9","54"
"St. Clair, Illinois","21.9","19.6","24.5","337"
"Jefferson, Pennsylvania","21.9","16.8","28.3","67"
"Oneida, Wisconsin","21.8","16.4","28.8","65"
"Scioto, Ohio","21.8","17.6","26.6","103"
"Cleburne, Arkansas","21.8","14.5","31.6","35"
"Boyd, Kentucky","21.8","16.7","27.9","67"
"Minnehaha, South Dakota","21.8","18.8","25.1","202"
"Schoharie, New York","21.8","16.0","29.4","50"
"Washington, Mississippi","21.8","16.4","28.4","60"
"Jasper, Iowa","21.8","15.8","29.3","47"
"Gladwin, Michigan","21.8","15.3","30.6","45"
"Oktibbeha, Mississippi","21.8","15.6","29.6","42"
"Ashland, Wisconsin","21.8","13.2","34.0","22"
"Carroll, Georgia","21.8","18.0","26.0","125"
"Calcasieu, Louisiana","21.8","19.1","24.8","247"
"Cleveland, North Carolina","21.8","18.2","26.0","140"
"Madison, Ohio","21.7","16.3","28.3","57"
"Peoria, Illinois","21.7","18.9","24.7","234"
"Hart, Kentucky","21.7","13.8","32.7","25"
"McNairy, Tennessee","21.7","15.3","30.1","40"
"Nelson, Kentucky","21.7","16.2","28.5","56"
"Livingston, Illinois","21.7","16.2","28.6","55"
"Shawano, Wisconsin","21.7","16.5","28.3","62"
"Mayes, Oklahoma","21.7","15.9","28.9","52"
"Johnson, Texas","21.6","18.6","24.9","194"
"Androscoggin, Maine","21.6","18.2","25.4","149"
"Arkansas, Arkansas","21.6","13.9","32.2","27"
"Bexar, Texas","21.6","20.6","22.6","1991"
"Preble, Ohio","21.6","16.1","28.6","55"
"Sebastian, Arkansas","21.6","18.2","25.3","156"
"Pickaway, Ohio","21.6","16.8","27.3","72"
"Rockingham, North Carolina","21.6","17.9","25.9","134"
"Walker, Alabama","21.6","17.3","26.7","93"
"Seneca, New York","21.6","15.3","29.6","42"
"Hertford, North Carolina","21.6","14.6","31.1","34"
"Mecklenburg, Virginia","21.6","15.4","29.6","48"
"Gibson, Tennessee","21.6","16.6","27.7","66"
"Tulsa, Oklahoma","21.6","20.1","23.3","740"
"Davidson, North Carolina","21.5","18.7","24.6","226"
"Bullitt, Kentucky","21.5","17.3","26.4","98"
"Garvin, Oklahoma","21.5","14.9","30.2","36"
"Whiteside, Illinois","21.5","17.0","26.9","85"
"Christian, Kentucky","21.5","16.7","27.4","69"
"Philadelphia, Pennsylvania","21.5","20.5","22.5","1741"
"Marion, Texas","21.5","12.1","36.5","19"
"Robertson, Tennessee","21.5","17.2","26.6","89"
"Union, Tennessee","21.5","13.2","33.0","23"
"Kalkaska, Michigan","21.5","13.9","32.4","27"
"Perquimans, North Carolina","21.5","12.4","35.2","21"
"Clark, Kentucky","21.5","15.6","28.9","47"
"Terrebonne, Louisiana","21.5","17.9","25.6","134"
"Newton, Georgia","21.4","17.6","25.8","117"
"Putnam, Florida","21.4","17.3","26.1","112"
"Marion, Alabama","21.4","15.2","29.4","43"
"Fannin, Georgia","21.4","14.9","30.3","44"
"Phelps, Missouri","21.4","16.0","28.2","55"
"Preston, West Virginia","21.4","15.7","28.8","49"
"Harrison, Iowa","21.4","12.6","34.3","19"
"Paulding, Ohio","21.4","14.1","31.5","28"
"Upshur, Texas","21.4","15.8","28.4","54"
"Kankakee, Illinois","21.4","18.0","25.4","142"
"Jefferson, Kentucky","21.4","20.0","22.8","953"
"Craig, Oklahoma","21.4","13.3","33.3","22"
"Oxford, Maine","21.4","16.8","26.9","86"
"Raleigh, West Virginia","21.4","17.4","26.0","112"
"Brooke, West Virginia","21.4","14.4","31.0","34"
"Franklin, Kentucky","21.3","16.4","27.3","67"
"Poquoson, Virginia","21.3","12.8","34.5","19"
"Plymouth, Iowa","21.3","14.4","30.5","34"
"Cass, Indiana","21.3","15.7","28.3","51"
"Monona, Iowa","21.3","12.3","36.2","17"
"Warren, Pennsylvania","21.3","15.7","28.3","57"
"Skamania, Washington","21.3","11.9","36.1","17"
"Jay, Indiana","21.3","14.0","31.3","28"
"Dunklin, Missouri","21.3","15.3","29.1","43"
"Morgan, Illinois","21.3","15.6","28.7","49"
"Jefferson, Ohio","21.3","17.1","26.4","98"
"Howard, Indiana","21.3","17.4","25.8","112"
"Lenoir, North Carolina","21.3","16.7","26.8","82"
"Buffalo, Nebraska","21.3","15.7","28.1","52"
"Washington, Illinois","21.3","12.8","33.9","21"
"White, Arkansas","21.3","17.1","26.2","93"
"Lincoln, Mississippi","21.2","15.3","28.8","44"
"Putnam, West Virginia","21.2","16.7","26.8","78"
"Fairfield, Ohio","21.2","18.2","24.5","188"
"Grainger, Tennessee","21.2","14.4","30.4","34"
"Peach, Georgia","21.2","14.3","30.4","32"
"Cape Girardeau, Missouri","21.2","17.1","26.1","96"
"Jackson, Indiana","21.2","16.0","27.8","56"
"Spartanburg, South Carolina","21.2","19.1","23.5","380"
"Grundy, Illinois","21.2","16.0","27.6","58"
"Potter, Texas","21.2","17.6","25.2","128"
"Webster, Iowa","21.2","15.3","28.7","48"
"Jackson, Illinois","21.2","16.2","27.3","64"
"Hart, Georgia","21.2","14.3","30.3","35"
"Clark, Wisconsin","21.2","15.3","28.8","45"
"Ketchikan Gateway, Alaska","21.2","11.6","35.5","16"
"Winn, Louisiana","21.2","12.5","33.8","19"
"Thomas, Georgia","21.2","15.9","27.8","59"
"Bradford, Pennsylvania","21.2","16.8","26.4","90"
"Clinton, Ohio","21.1","15.5","28.1","51"
"Granville, North Carolina","21.1","16.5","26.6","78"
"Greene, Indiana","21.1","15.5","28.4","48"
"Bureau, Illinois","21.1","15.5","28.3","50"
"Saratoga, New York","21.1","18.7","23.8","296"
"Cherokee, Texas","21.1","16.0","27.3","62"
"Matanuska-Susitna, Alaska","21.1","16.9","26.0","97"
"Winnebago, Iowa","21.1","12.2","35.2","17"
"Clark, Ohio","21.1","18.1","24.6","183"
"Petersburg, Virginia","21.1","14.7","29.3","39"
"Ashland, Ohio","21.1","16.1","27.2","66"
"Gibson, Indiana","21.1","15.0","28.9","42"
"Monroe, Ohio","21.1","12.2","34.2","20"
"Boone, Iowa","21.1","14.6","29.7","36"
"Webb, Texas","21.1","18.4","24.1","218"
"Newaygo, Michigan","21.1","15.8","27.7","61"
"Lea, New Mexico","21.1","16.3","26.9","67"
"Union, Ohio","21.0","15.8","27.3","59"
"Dearborn, Indiana","21.0","16.1","26.9","67"
"Maury, Tennessee","21.0","17.2","25.4","113"
"Houston, Texas","21.0","14.5","29.8","35"
"Wilson, Texas","21.0","15.8","27.4","58"
"Cedar, Iowa","21.0","13.1","32.2","24"
"Union, Louisiana","21.0","13.9","30.6","31"
"Cumberland, New Jersey","21.0","18.0","24.4","180"
"Jackson, Iowa","21.0","13.6","31.4","27"
"Grundy, Iowa","21.0","12.7","33.7","20"
"Troup, Georgia","21.0","16.6","26.2","81"
"Manassas, Virginia","21.0","14.4","29.6","36"
"Van Buren, Michigan","21.0","17.0","25.9","101"
"Beaufort, North Carolina","21.0","15.9","27.2","67"
"Newberry, South Carolina","21.0","15.5","28.0","52"
"Campbell, Tennessee","21.0","15.9","27.6","59"
"Saline, Arkansas","21.0","17.7","24.8","150"
"Adams, Wisconsin","21.0","14.0","31.0","35"
"Abbeville, South Carolina","21.0","14.6","29.6","37"
"Highland, Ohio","20.9","15.6","27.5","56"
"Smith, Texas","20.9","18.5","23.7","271"
"Morgan, Colorado","20.9","14.4","29.5","34"
"Worth, Georgia","20.9","13.8","30.7","29"
"Louisa, Virginia","20.9","15.4","27.9","52"
"Clinton, Pennsylvania","20.9","15.0","28.3","46"
"Warren, New York","20.9","16.8","25.8","100"
"Ross, Ohio","20.9","16.8","25.7","95"
"Cameron, Texas","20.9","18.9","23.0","423"
"Glenn, California","20.9","14.1","30.0","32"
"Polk, Texas","20.9","16.0","26.9","68"
"Pickens, Alabama","20.8","13.6","30.7","28"
"Waldo, Maine","20.8","15.3","27.8","54"
"Escambia, Alabama","20.8","15.2","27.9","48"
"Jefferson, Missouri","20.8","18.4","23.6","277"
"Daviess, Kentucky","20.8","17.3","24.9","127"
"Orange, Texas","20.8","16.9","25.5","101"
"Vance, North Carolina","20.8","15.6","27.4","57"
"Covington, Alabama","20.8","15.3","27.9","52"
"Livingston, New York","20.8","16.4","26.1","82"
"Perry, Missouri","20.8","13.3","31.4","25"
"Lawrence, Missouri","20.8","15.3","27.9","49"
"Limestone, Alabama","20.8","17.1","25.1","114"
"Cross, Arkansas","20.8","12.8","32.1","22"
"Wood, West Virginia","20.8","17.0","25.3","114"
"Lebanon, Pennsylvania","20.8","17.8","24.1","185"
"Vinton, Ohio","20.8","11.8","34.5","17"
"Duplin, North Carolina","20.8","16.2","26.3","76"
"Richmond, New York","20.8","19.1","22.6","596"
"Carbon, Wyoming","20.7","11.8","33.6","17"
"Woodford, Kentucky","20.7","14.1","29.5","34"
"Parke, Indiana","20.7","12.2","32.8","20"
"Linn, Missouri","20.7","12.1","33.8","19"
"St. Bernard, Louisiana","20.7","14.9","27.9","46"
"Harrison, Mississippi","20.7","18.1","23.6","229"
"Marquette, Wisconsin","20.7","13.6","31.4","28"
"Clay, Missouri","20.7","18.3","23.4","267"
"Putnam, New York","20.7","17.2","24.7","133"
"Codington, South Dakota","20.7","14.2","29.4","34"
"Jasper, Missouri","20.7","17.3","24.5","136"
"Vigo, Indiana","20.7","17.2","24.7","127"
"Howard, Texas","20.7","14.8","28.2","42"
"West Baton Rouge, Louisiana","20.7","13.8","29.9","30"
"Tazewell, Illinois","20.7","17.8","24.1","180"
"Haywood, North Carolina","20.6","16.2","25.8","89"
"Bennington, Vermont","20.6","14.9","28.0","50"
"Brantley, Georgia","20.6","12.7","31.8","22"
"Rensselaer, New York","20.6","17.8","23.8","203"
"Jim Wells, Texas","20.6","14.9","27.7","46"
"Madison, Nebraska","20.6","14.5","28.3","41"
"Imperial, California","20.6","17.6","23.9","174"
"Jersey, Illinois","20.6","14.0","29.7","32"
"Richland, Louisiana","20.6","13.1","30.9","25"
"Crittenden, Arkansas","20.6","15.4","27.1","54"
"Matagorda, Texas","20.6","14.9","27.9","46"
"Logan, Kentucky","20.6","14.2","29.1","35"
"Barton, Missouri","20.6","11.7","34.2","17"
"Grady, Georgia","20.5","13.8","29.4","32"
"Seneca, Ohio","20.5","15.7","26.4","68"
"Fredericksburg, Virginia","20.5","13.3","30.2","26"
"Caledonia, Vermont","20.5","14.0","29.0","36"
"Grant, Kentucky","20.5","13.6","29.9","29"
"Wells, Indiana","20.5","14.0","29.0","35"
"Canyon, Idaho","20.5","17.8","23.5","213"
"Robeson, North Carolina","20.5","17.3","24.2","150"
"Rock, Wisconsin","20.5","17.7","23.6","199"
"Monroe, Pennsylvania","20.5","17.8","23.6","220"
"Chenango, New York","20.5","15.9","26.1","72"
"Beckham, Oklahoma","20.5","13.4","30.2","27"
"Tuscaloosa, Alabama","20.5","17.8","23.6","216"
"Chowan, North Carolina","20.5","12.4","32.5","22"
"Pearl River, Mississippi","20.5","15.8","26.2","69"
"Herkimer, New York","20.5","16.2","25.6","87"
"Crisp, Georgia","20.5","13.4","30.0","29"
"Lawrence, Mississippi","20.5","11.4","34.5","16"
"Spotsylvania, Virginia","20.5","17.3","24.3","145"
"Waller, Texas","20.5","14.9","27.4","47"
"Pawnee, Oklahoma","20.4","12.7","31.5","23"
"Allen, Ohio","20.4","16.9","24.5","129"
"Dodge, Wisconsin","20.4","16.7","24.7","114"
"Huron, Ohio","20.4","15.7","26.0","69"
"Marengo, Alabama","20.4","12.7","31.3","24"
"Lake, Indiana","20.4","18.7","22.1","584"
"Gem, Idaho","20.4","13.1","30.9","26"
"Juniata, Pennsylvania","20.4","13.4","29.9","30"
"DeKalb, Indiana","20.4","15.0","27.1","50"
"Shelby, Tennessee","20.4","19.1","21.8","1003"
"Beadle, South Dakota","20.4","12.9","31.0","25"
"Union, Pennsylvania","20.4","15.1","27.0","52"
"Adair, Kentucky","20.4","12.6","31.5","23"
"Chesterfield, South Carolina","20.4","15.5","26.5","62"
"Chesapeake, Virginia","20.3","17.8","23.1","251"
"Plaquemines, Louisiana","20.3","13.0","30.3","25"
"Columbus, North Carolina","20.3","15.9","25.7","77"
"Hampshire, West Virginia","20.3","13.7","29.4","34"
"Harlan, Kentucky","20.3","13.9","28.8","35"
"Ohio, Kentucky","20.3","13.6","29.5","30"
"Creek, Oklahoma","20.3","16.2","25.1","91"
"Jefferson, Arkansas","20.3","16.1","25.3","88"
"Avoyelles, Louisiana","20.3","14.8","27.2","48"
"Jones, Iowa","20.3","13.1","30.3","28"
"Jennings, Indiana","20.2","13.7","28.7","33"
"Hughes, South Dakota","20.2","12.5","31.2","22"
"Eastland, Texas","20.2","12.5","31.0","24"
"Darke, Ohio","20.2","15.5","26.1","67"
"Moore, North Carolina","20.2","16.8","24.2","142"
"Breathitt, Kentucky","20.2","11.2","33.7","16"
"Oswego, New York","20.2","16.9","23.9","146"
"Ogle, Illinois","20.2","15.6","25.9","69"
"Young, Texas","20.2","12.5","31.2","23"
"Colleton, South Carolina","20.2","14.7","27.1","51"
"Berkeley, South Carolina","20.2","17.6","23.2","222"
"Oconee, Georgia","20.2","14.3","27.8","40"
"Natrona, Wyoming","20.2","16.1","25.0","89"
"Lincoln, Oklahoma","20.2","14.3","27.8","42"
"Eddy, New Mexico","20.2","15.4","26.1","62"
"Lincoln, Missouri","20.2","15.3","26.2","61"
"Jefferson, Indiana","20.2","14.4","27.8","42"
"Grenada, Mississippi","20.1","13.1","29.6","28"
"Chippewa, Michigan","20.1","14.7","26.9","49"
"Lonoke, Arkansas","20.1","15.8","25.3","77"
"Hardeman, Tennessee","20.1","13.8","28.7","34"
"Greene, Tennessee","20.1","16.1","24.8","96"
"Caldwell, Texas","20.1","14.6","27.1","45"
"Kay, Oklahoma","20.1","15.1","26.3","58"
"Norfolk, Virginia","20.1","17.5","23.0","224"
"Hardin, Tennessee","20.1","14.1","28.1","40"
"Lewis, Tennessee","20.1","11.3","33.7","17"
"Chesterfield, Virginia","20.1","18.1","22.3","386"
"Franklin, Missouri","20.1","16.7","24.1","127"
"Vermilion, Illinois","20.1","16.1","24.7","98"
"Richmond, Georgia","20.1","17.4","23.0","219"
"Fayette, Indiana","20.1","13.4","29.3","31"
"San Jacinto, Texas","20.1","13.8","28.6","37"
"Faulkner, Arkansas","20.1","16.6","24.2","116"
"Pend Oreille, Washington","20.1","11.3","33.9","19"
"Hickman, Tennessee","20.0","13.5","28.7","31"
"Iowa, Wisconsin","20.0","13.4","29.0","31"
"Alamance, North Carolina","20.0","17.2","23.1","193"
"Cocke, Tennessee","20.0","14.2","27.4","45"
"Bedford, Pennsylvania","20.0","15.3","25.8","68"
"Rush, Indiana","20.0","12.2","31.2","21"
"Butts, Georgia","20.0","13.4","29.0","30"
"Perry, Ohio","20.0","14.2","27.5","41"
"Union, Arkansas","20.0","14.7","26.6","52"
"Auglaize, Ohio","20.0","15.0","26.2","58"
"Tehama, California","20.0","15.8","25.1","81"
"East Baton Rouge, Louisiana","20.0","18.1","21.9","464"
"Stone, Arkansas","19.9","11.4","33.2","20"
"Choctaw, Oklahoma","19.9","11.7","32.1","20"
"Ray, Missouri","19.9","13.4","28.8","31"
"Bay, Michigan","19.9","16.6","23.8","140"
"Suffolk, New York","19.9","19.0","20.9","1842"
"Forrest, Mississippi","19.9","15.5","25.1","73"
"Bourbon, Kentucky","19.9","12.6","30.1","25"
"West Feliciana, Louisiana","19.9","11.7","32.4","19"
"Cherokee, Georgia","19.9","17.4","22.6","256"
"Lewis, West Virginia","19.9","12.3","30.8","23"
"Hays, Texas","19.9","16.9","23.2","169"
"Hardee, Florida","19.9","12.9","29.1","27"
"Garfield, Oklahoma","19.9","15.4","25.3","71"
"Schuylkill, Pennsylvania","19.9","17.2","23.0","204"
"Sheboygan, Wisconsin","19.9","16.7","23.6","144"
"Moultrie, Illinois","19.9","11.4","32.5","18"
"Napa, California","19.8","16.9","23.0","181"
"Clallam, Washington","19.8","16.0","24.4","117"
"Wyoming, New York","19.8","14.7","26.3","53"
"Dorchester, Maryland","19.8","14.4","26.8","48"
"Susquehanna, Pennsylvania","19.8","14.5","26.5","55"
"Meigs, Ohio","19.8","12.9","29.2","29"
"Marion, Mississippi","19.8","13.6","28.2","34"
"Otero, New Mexico","19.8","15.3","25.1","71"
"Scurry, Texas","19.8","11.6","31.6","18"
"Portsmouth, Virginia","19.7","16.0","23.9","108"
"Wagoner, Oklahoma","19.7","15.8","24.5","90"
"Cass, Missouri","19.7","16.2","23.7","120"
"Pike, Ohio","19.7","13.7","27.5","37"
"Silver Bow, Montana","19.7","14.0","27.0","44"
"Caldwell, North Carolina","19.7","16.1","23.9","112"
"Morgan, Tennessee","19.7","12.6","29.5","25"
"Halifax, Virginia","19.7","13.8","27.3","44"
"Mercer, Pennsylvania","19.7","16.5","23.3","153"
"Lee, Iowa","19.7","14.4","26.5","48"
"Craven, North Carolina","19.7","16.1","23.7","121"
"Appling, Georgia","19.7","12.6","29.7","25"
"Richmond, North Carolina","19.7","14.7","25.9","55"
"Pickens, South Carolina","19.7","16.4","23.4","135"
"Cole, Missouri","19.7","15.8","24.4","92"
"Catawba, North Carolina","19.7","17.0","22.8","193"
"Grayson, Texas","19.7","16.6","23.2","153"
"Tarrant, Texas","19.7","18.8","20.6","1874"
"Lowndes, Mississippi","19.7","15.3","25.1","70"
"Hempstead, Arkansas","19.7","12.8","29.2","27"
"Randolph, Missouri","19.7","13.1","28.7","29"
"Berkeley, West Virginia","19.6","16.2","23.6","121"
"Kootenai, Idaho","19.6","16.9","22.7","196"
"Rusk, Texas","19.6","15.0","25.3","63"
"Blount, Tennessee","19.6","16.7","23.0","171"
"Kenton, Kentucky","19.6","16.7","22.8","172"
"Pottawatomie, Oklahoma","19.6","15.5","24.5","84"
"Lawrence, Arkansas","19.6","11.7","31.0","20"
"Rhea, Tennessee","19.6","13.9","27.0","41"
"Winston, Alabama","19.6","13.1","28.4","32"
"Putnam, Ohio","19.6","14.1","26.6","44"
"Massac, Illinois","19.6","11.7","31.2","21"
"Taylor, Wisconsin","19.6","12.5","29.6","26"
"Scott, Kentucky","19.6","14.4","26.0","50"
"West Carroll, Louisiana","19.6","11.0","32.9","16"
"Appanoose, Iowa","19.6","11.6","32.0","19"
"Camden, New Jersey","19.6","18.0","21.3","578"
"Waynesboro, Virginia","19.6","12.6","29.2","26"
"Shiawassee, Michigan","19.6","15.6","24.4","89"
"Burlington, New Jersey","19.6","18.0","21.4","552"
"Linn, Iowa","19.6","17.2","22.3","248"
"Marion, Ohio","19.6","15.6","24.6","83"
"Taylor, Florida","19.6","13.3","28.4","31"
"Lafayette, Missouri","19.6","14.1","26.8","43"
"Gadsden, Florida","19.6","14.6","25.9","54"
"Stone, Mississippi","19.6","12.1","30.4","22"
"Ripley, Indiana","19.6","13.4","27.8","34"
"Brunswick, North Carolina","19.6","16.7","23.0","210"
"Gallia, Ohio","19.6","13.9","27.1","40"
"Miller, Arkansas","19.5","14.4","25.8","51"
"New London, Connecticut","19.5","17.4","21.8","338"
"Washington, Wisconsin","19.5","16.6","22.8","170"
"Armstrong, Pennsylvania","19.5","15.5","24.4","90"
"Brown, Wisconsin","19.5","17.2","22.0","279"
"Grant, Washington","19.5","15.7","24.0","93"
"Union, Kentucky","19.5","10.8","32.5","16"
"Washington, Maine","19.5","13.9","26.9","46"
"Greenbrier, West Virginia","19.5","14.4","26.1","54"
"Penobscot, Maine","19.5","16.8","22.6","194"
"Harrison, Indiana","19.5","14.0","26.4","46"
"Bossier, Louisiana","19.5","16.3","23.1","135"
"Genesee, New York","19.5","15.2","24.8","77"
"Butler, Alabama","19.5","12.3","29.5","25"
"Wichita, Texas","19.5","16.3","23.2","136"
"Lampasas, Texas","19.5","12.4","29.6","25"
"Bedford, Tennessee","19.5","14.4","25.9","50"
"Rockdale, Georgia","19.5","15.7","24.0","97"
"Grant, Wisconsin","19.5","14.9","25.2","63"
"Hoke, North Carolina","19.5","13.9","26.5","43"
"Marshall, Kentucky","19.5","13.9","26.8","44"
"Phillips, Arkansas","19.5","12.0","30.1","23"
"Washington, Texas","19.4","14.1","26.4","47"
"Morgan, West Virginia","19.4","12.4","29.6","26"
"Kershaw, South Carolina","19.4","15.2","24.4","81"
"Washington, Georgia","19.4","12.3","29.1","25"
"St. Louis, Missouri","19.4","17.3","21.7","324"
"Leon, Texas","19.4","12.2","29.7","26"
"Jo Daviess, Illinois","19.4","12.8","28.6","34"
"Beauregard, Louisiana","19.4","14.0","26.4","44"
"Miami, Ohio","19.4","16.1","23.1","131"
"Logan, Arkansas","19.4","12.7","28.7","28"
"Tift, Georgia","19.4","14.0","26.2","44"
"Hampton, Virginia","19.4","16.3","22.8","153"
"Wood, Wisconsin","19.4","15.6","23.8","99"
"Idaho, Idaho","19.4","12.6","29.6","29"
"Duval, Florida","19.4","18.1","20.7","959"
"Marion, Missouri","19.4","13.2","27.6","34"
"St. Charles, Missouri","19.4","17.6","21.4","427"
"Walworth, Wisconsin","19.4","16.1","23.4","124"
"Calhoun, Mississippi","19.4","11.3","31.3","18"
"Florence, South Carolina","19.4","16.4","22.8","159"
"Clinton, Iowa","19.4","14.7","25.1","63"
"Davie, North Carolina","19.4","14.4","25.6","56"
"Andrew, Missouri","19.3","11.9","30.0","22"
"Knox, Maine","19.3","14.5","25.4","61"
"Canadian, Oklahoma","19.3","16.1","22.9","134"
"Muskingum, Ohio","19.3","15.6","23.7","101"
"Jefferson Davis, Louisiana","19.3","13.4","27.0","36"
"Marshall, Tennessee","19.3","13.3","27.2","36"
"Clarke, Alabama","19.3","13.1","27.8","32"
"Washington, Maryland","19.3","16.5","22.4","178"
"McCracken, Kentucky","19.3","15.2","24.3","83"
"Kern, California","19.3","17.9","20.7","754"
"Yadkin, North Carolina","19.3","14.3","25.6","52"
"Alleghany/Clifton Forge, Virginia","19.3","11.8","30.4","23"
"Rutherford, Tennessee","19.3","17.0","21.8","264"
"Allegany, New York","19.3","14.3","25.4","55"
"Monroe, New York","19.3","18.0","20.7","862"
"Haywood, Tennessee","19.3","12.0","29.7","23"
"Pamlico, North Carolina","19.3","10.6","33.2","18"
"Richland, North Dakota","19.3","11.0","31.6","17"
"Cambria, Pennsylvania","19.3","16.4","22.7","180"
"Champaign, Ohio","19.3","14.0","26.0","47"
"Middlesex, Virginia","19.2","10.2","34.4","17"
"Hopkins, Kentucky","19.2","14.5","25.2","57"
"Chambers, Texas","19.2","13.4","26.7","38"
"Wilson, North Carolina","19.2","15.5","23.5","101"
"Lee, Georgia","19.2","12.8","27.7","31"
"Wise, Texas","19.2","14.8","24.4","70"
"Sequoyah, Oklahoma","19.2","14.4","25.4","54"
"Lincoln, Nebraska","19.2","14.0","25.9","47"
"Marion, Indiana","19.2","17.9","20.5","914"
"Madison, Indiana","19.2","16.2","22.6","155"
"Porter, Indiana","19.2","16.4","22.3","186"
"Coosa, Alabama","19.2","11.0","32.5","17"
"Minidoka, Idaho","19.2","12.1","29.2","24"
"Woodbury, Iowa","19.2","15.7","23.2","109"
"Tuscola, Michigan","19.2","14.7","24.8","68"
"Hancock, Indiana","19.2","15.3","23.9","86"
"McDowell, North Carolina","19.2","14.4","25.2","58"
"Bamberg, South Carolina","19.2","10.8","32.0","18"
"Houston, Alabama","19.2","15.8","23.1","119"
"Saunders, Nebraska","19.1","12.6","28.2","28"
"Washington, Pennsylvania","19.1","16.8","21.7","268"
"Stafford, Virginia","19.1","15.7","23.0","122"
"Dorchester, South Carolina","19.1","16.1","22.4","156"
"Botetourt, Virginia","19.1","13.6","26.4","44"
"Greene, Pennsylvania","19.1","13.8","25.9","46"
"Boone, Kentucky","19.1","15.9","22.8","130"
"Kenosha, Wisconsin","19.1","16.3","22.2","177"
"Columbia, New York","19.1","15.2","23.9","90"
"Calumet, Wisconsin","19.1","14.3","25.1","55"
"Macon, Missouri","19.1","11.5","30.3","21"
"Manitowoc, Wisconsin","19.1","15.4","23.4","105"
"Montgomery, Kentucky","19.1","12.8","27.6","30"
"Huron, Michigan","19.1","13.5","26.4","46"
"St. Francois, Missouri","19.1","14.9","24.1","74"
"Lehigh, Pennsylvania","19.1","17.3","21.1","416"
"Cass, Texas","19.1","13.6","26.4","42"
"Accomack, Virginia","19.1","13.4","26.5","42"
"Bartholomew, Indiana","19.1","15.2","23.6","87"
"Saginaw, Michigan","19.1","16.7","21.9","241"
"Transylvania, North Carolina","19.1","13.6","26.4","51"
"Howell, Missouri","19.1","13.9","25.8","48"
"Dallas, Texas","19.0","18.2","19.9","2217"
"Lincoln, North Carolina","19.0","15.4","23.2","104"
"Pierce, Washington","19.0","17.7","20.4","864"
"Augusta, Virginia","19.0","15.2","23.5","97"
"Franklin, Vermont","19.0","14.2","24.9","56"
"Wayne, West Virginia","19.0","14.2","25.1","56"
"Bay, Florida","19.0","16.4","21.8","213"
"Clay, Mississippi","19.0","11.7","29.3","22"
"Brown, Ohio","19.0","14.1","25.2","52"
"Franklin, Tennessee","19.0","14.2","25.2","56"
"Crawford, Pennsylvania","19.0","15.4","23.2","109"
"Orangeburg, South Carolina","19.0","15.4","23.1","108"
"Sevier, Utah","19.0","11.7","29.1","22"
"Harford, Maryland","19.0","16.8","21.4","282"
"Pike, Illinois","19.0","11.3","30.2","20"
"Lee, South Carolina","19.0","11.5","29.9","21"
"Decatur, Georgia","19.0","12.8","27.2","31"
"Randall, Texas","19.0","15.9","22.6","137"
"Bibb, Georgia","19.0","16.2","22.2","167"
"Effingham, Illinois","19.0","13.4","26.2","40"
"Henrico, Virginia","19.0","17.0","21.1","351"
"Jackson, Missouri","19.0","17.6","20.4","725"
"Pittsburg, Oklahoma","19.0","14.3","25.0","57"
"Obion, Tennessee","19.0","13.5","26.2","42"
"Leake, Mississippi","18.9","12.2","28.2","25"
"Otsego, Michigan","18.9","12.5","27.5","32"
"Northumberland, Virginia","18.9","10.4","33.2","24"
"Genesee, Michigan","18.9","17.2","20.7","477"
"Grant, Indiana","18.9","15.0","23.6","86"
"Mobile, Alabama","18.9","17.1","20.7","463"
"Dale, Alabama","18.9","14.0","24.9","54"
"Simpson, Mississippi","18.9","12.8","26.9","33"
"Sumter, Georgia","18.9","13.0","26.8","34"
"Elmore, Alabama","18.9","15.1","23.5","87"
"Jackson, Oklahoma","18.9","12.3","27.7","27"
"Emmet, Michigan","18.9","13.5","25.9","46"
"Waupaca, Wisconsin","18.9","14.7","24.1","72"
"Jackson, Wisconsin","18.9","11.7","29.1","23"
"Milwaukee, Wisconsin","18.9","17.7","20.2","923"
"Elk, Pennsylvania","18.9","13.5","25.9","44"
"Mifflin, Pennsylvania","18.9","14.1","24.9","58"
"Hall, Nebraska","18.9","14.3","24.5","60"
"Monroe, Tennessee","18.9","14.0","25.0","55"
"Gaston, North Carolina","18.9","16.5","21.5","241"
"Hamblen, Tennessee","18.9","14.7","23.9","75"
"Harnett, North Carolina","18.9","15.6","22.7","119"
"Niagara, New York","18.8","16.5","21.2","272"
"Knox, Indiana","18.8","13.4","25.8","43"
"Benzie, Michigan","18.8","11.2","30.0","23"
"Rockwall, Texas","18.8","15.0","23.4","86"
"Scott, Mississippi","18.8","12.4","27.3","29"
"Navajo, Arizona","18.8","15.3","22.8","113"
"Deaf Smith, Texas","18.8","10.8","30.1","17"
"Lamar, Mississippi","18.8","14.2","24.4","58"
"Washington, Alabama","18.8","11.3","29.7","20"
"Willacy, Texas","18.8","11.2","29.4","19"
"Graham, Arizona","18.8","13.0","26.2","35"
"Pettis, Missouri","18.8","13.8","25.2","48"
"Delta, Michigan","18.8","14.0","25.1","56"
"Dane, Wisconsin","18.8","17.2","20.6","508"
"Mecosta, Michigan","18.8","13.7","25.3","50"
"Midland, Texas","18.8","15.7","22.2","143"
"Knox, Tennessee","18.8","17.1","20.6","486"
"Pacific, Washington","18.8","13.0","27.2","38"
"Clay, Florida","18.8","16.3","21.5","219"
"Lauderdale, Alabama","18.8","15.4","22.8","115"
"Gonzales, Texas","18.8","11.6","29.0","22"
"Marshall, West Virginia","18.8","13.0","26.4","39"
"Yuba, California","18.8","14.6","24.0","69"
"Warren, Kentucky","18.8","15.5","22.6","116"
"Shelby, Illinois","18.7","12.3","27.6","30"
"Conway, Arkansas","18.7","12.0","28.0","27"
"Medina, Ohio","18.7","16.1","21.5","205"
"Estill, Kentucky","18.7","11.2","30.1","19"
"Coos, Oregon","18.7","14.8","23.5","95"
"Ouachita, Louisiana","18.7","15.8","21.9","159"
"Crockett, Tennessee","18.7","10.7","30.7","17"
"Solano, California","18.7","17.0","20.6","466"
"Jefferson, Tennessee","18.7","14.4","24.0","69"
"Navarro, Texas","18.7","14.0","24.7","54"
"Coos, New Hampshire","18.7","13.2","26.0","42"
"Pulaski, Arkansas","18.7","16.9","20.6","411"
"Logan, Ohio","18.7","13.9","24.6","55"
"Dallas, Missouri","18.7","11.3","29.6","22"
"Sauk, Wisconsin","18.7","14.6","23.7","76"
"Attala, Mississippi","18.7","11.4","29.0","22"
"Overton, Tennessee","18.7","12.1","27.9","27"
"Autauga, Alabama","18.6","14.1","24.1","59"
"Monroe, West Virginia","18.6","11.3","29.9","21"
"Morgan, Georgia","18.6","11.4","29.0","22"
"Okeechobee, Florida","18.6","13.7","24.7","51"
"Bartow, Georgia","18.6","15.1","22.6","104"
"Cherokee, South Carolina","18.6","14.3","24.0","64"
"Johnson, Indiana","18.6","15.7","21.8","155"
"Boone, Illinois","18.6","13.9","24.4","55"
"Polk, Arkansas","18.6","12.4","27.3","30"
"Rapides, Louisiana","18.6","15.6","22.0","145"
"McCreary, Kentucky","18.6","11.2","29.4","20"
"Douglas, Wisconsin","18.6","13.8","24.8","52"
"Baltimore, Maryland","18.6","17.1","20.2","611"
"Flathead, Montana","18.6","15.2","22.6","116"
"Wayne, Michigan","18.6","17.8","19.5","1907"
"Caddo, Louisiana","18.6","16.4","21.0","276"
"Allegany, Maryland","18.6","14.8","23.1","90"
"Yuma, Arizona","18.6","16.1","21.4","218"
"Oklahoma, Oklahoma","18.6","17.2","20.0","747"
"Madison, Kentucky","18.6","14.8","23.1","86"
"LaPorte, Indiana","18.6","15.5","22.2","132"
"Butler, Iowa","18.6","10.7","30.5","19"
"Richmond, Virginia","18.6","16.1","21.4","213"
"Marion, Kentucky","18.6","11.7","28.4","23"
"Gloucester, New Jersey","18.6","16.6","20.8","324"
"Sioux, Iowa","18.6","12.8","26.2","35"
"Wayne, Tennessee","18.6","11.2","29.5","20"
"Murray, Georgia","18.6","13.2","25.7","40"
"Albany, New York","18.6","16.6","20.8","340"
"Fayette, Tennessee","18.6","13.7","24.9","53"
"Fayette, Pennsylvania","18.6","15.9","21.7","179"
"Macomb, Michigan","18.6","17.4","19.9","994"
"Ontario, New York","18.5","15.4","22.2","135"
"Berrien, Michigan","18.5","15.9","21.5","191"
"Crawford, Ohio","18.5","13.7","24.5","54"
"Polk, North Carolina","18.5","12.1","27.7","33"
"Hutchinson, Texas","18.5","12.0","27.5","26"
"Clermont, Ohio","18.5","16.1","21.2","227"
"Madison, Tennessee","18.5","15.0","22.5","107"
"Anchorage, Alaska","18.5","16.1","21.1","251"
"Carbon, Montana","18.5","10.4","32.3","17"
"Brazoria, Texas","18.5","16.4","20.6","324"
"Garrett, Maryland","18.5","12.9","25.9","40"
"Benton, Tennessee","18.5","10.8","30.0","20"
"St. Louis, Missouri","18.5","17.4","19.6","1187"
"Dubuque, Iowa","18.5","15.1","22.4","111"
"Fulton, New York","18.5","14.2","23.9","65"
"Culpeper, Virginia","18.5","13.8","24.4","54"
"Douglas, Nebraska","18.4","16.8","20.1","509"
"Black Hawk, Iowa","18.4","15.4","21.9","139"
"Winnebago, Illinois","18.4","16.4","20.6","323"
"Kent, Delaware","18.4","15.8","21.3","188"
"Aroostook, Maine","18.4","14.6","23.0","94"
"Stanislaus, California","18.4","16.8","20.2","496"
"Colorado, Texas","18.4","11.2","28.5","24"
"Winchester, Virginia","18.4","12.2","26.7","29"
"Nassau, Florida","18.4","14.8","22.7","101"
"Paulding, Georgia","18.4","15.3","22.0","135"
"Stokes, North Carolina","18.4","13.9","24.1","62"
"Hood, Texas","18.4","14.2","23.6","76"
"Nash, North Carolina","18.4","15.0","22.2","114"
"Liberty, Georgia","18.4","12.7","25.4","39"
"Sumter, Alabama","18.4","10.3","30.9","16"
"Laurens, Georgia","18.4","13.8","24.2","56"
"Marathon, Wisconsin","18.4","15.6","21.7","155"
"Blair, Pennsylvania","18.3","15.4","21.7","152"
"Lamar, Georgia","18.3","11.1","28.7","21"
"Washington, Arkansas","18.3","15.7","21.1","184"
"Chicot, Arkansas","18.3","10.4","31.1","16"
"Macon, Georgia","18.3","10.2","30.9","16"
"Des Moines, Iowa","18.3","13.4","24.4","51"
"Randolph, Indiana","18.3","11.7","27.3","27"
"Williamson, Texas","18.3","16.7","20.1","464"
"Marion, West Virginia","18.3","14.0","23.6","66"
"Perry, Illinois","18.3","11.7","27.6","25"
"Linn, Oregon","18.3","15.3","21.7","140"
"Hamilton, Tennessee","18.3","16.5","20.2","404"
"Wicomico, Maryland","18.3","14.8","22.3","104"
"Yellowstone, Montana","18.3","15.5","21.4","168"
"Perry, Kentucky","18.3","12.2","26.6","30"
"Upshur, West Virginia","18.3","12.2","26.7","31"
"Licking, Ohio","18.2","15.7","21.1","196"
"New Hanover, North Carolina","18.2","15.8","20.7","233"
"Wythe, Virginia","18.2","12.7","25.7","38"
"Northumberland, Pennsylvania","18.2","15.0","22.0","118"
"Washington, Nebraska","18.2","11.7","27.5","25"
"Washington, Tennessee","18.2","15.3","21.6","145"
"Greenwood, South Carolina","18.2","14.3","22.9","80"
"Otsego, New York","18.2","14.3","23.1","78"
"Grand Forks, North Dakota","18.2","13.7","23.8","58"
"Lewis, Washington","18.2","14.6","22.5","97"
"Gilmer, Georgia","18.2","12.4","25.8","38"
"Grant, Louisiana","18.2","11.6","27.5","24"
"Anderson, South Carolina","18.2","15.8","20.9","216"
"Oconee, South Carolina","18.2","14.4","22.8","91"
"Crawford, Iowa","18.2","11.1","28.4","21"
"Strafford, New Hampshire","18.2","15.0","21.8","125"
"Delaware, Oklahoma","18.2","13.4","24.4","56"
"Worcester, Maryland","18.2","13.8","23.8","76"
"Polk, Iowa","18.2","16.5","20.1","429"
"Burke, Georgia","18.2","11.5","27.6","25"
"Hampden, Massachusetts","18.2","16.6","19.9","502"
"Union, Georgia","18.2","12.7","26.2","41"
"Fayette, Illinois","18.1","11.6","27.1","26"
"Macon, North Carolina","18.1","12.9","24.8","51"
"Erie, New York","18.1","17.0","19.3","1061"
"Comanche, Oklahoma","18.1","14.8","21.9","110"
"Orleans, Louisiana","18.1","16.2","20.0","384"
"Stephens, Oklahoma","18.1","13.4","24.0","54"
"Putnam, Tennessee","18.1","14.2","22.7","79"
"Columbia, Florida","18.1","14.4","22.7","83"
"Buffalo, Wisconsin","18.1","10.7","29.7","19"
"Bosque, Texas","18.1","11.1","28.5","23"
"Orange, Virginia","18.1","12.9","24.9","43"
"Kitsap, Washington","18.1","16.0","20.5","284"
"Cecil, Maryland","18.1","14.8","21.9","114"
"Franklin, Pennsylvania","18.1","15.4","21.1","173"
"Ravalli, Montana","18.1","13.3","24.3","57"
"St. Francis, Arkansas","18.1","11.9","26.5","28"
"Richland, South Carolina","18.1","16.3","20.2","355"
"Charlottesville, Virginia","18.1","12.5","25.2","36"
"Russell, Alabama","18.1","13.6","23.7","56"
"Madison, Mississippi","18.1","14.6","22.2","98"
"Indiana, Pennsylvania","18.1","14.4","22.6","94"
"Lawrence, Pennsylvania","18.1","14.7","22.2","109"
"Dauphin, Pennsylvania","18.1","16.0","20.4","299"
"Sullivan, Tennessee","18.1","15.5","21.1","194"
"Colusa, California","18.1","10.8","28.3","20"
"Johnston, North Carolina","18.1","15.5","21.1","183"
"Worcester, Massachusetts","18.1","16.9","19.4","876"
"Berks, Pennsylvania","18.1","16.5","19.9","466"
"Mohave, Arizona","18.1","15.9","20.6","316"
"Plymouth, Massachusetts","18.1","16.6","19.6","588"
"Edgefield, South Carolina","18.1","12.2","26.1","32"
"Garland, Arkansas","18.1","14.9","21.8","127"
"Harrison, West Virginia","18.1","14.4","22.6","87"
"Vernon, Wisconsin","18.0","12.1","25.9","34"
"Marion, South Carolina","18.0","12.7","25.0","40"
"Burke, North Carolina","18.0","14.6","22.0","107"
"Adams, Illinois","18.0","14.1","22.9","77"
"Hendricks, Indiana","18.0","15.3","21.2","157"
"Ripley, Missouri","18.0","10.5","29.4","18"
"Somerset, Pennsylvania","18.0","14.4","22.3","98"
"Wright, Missouri","18.0","11.2","27.8","23"
"Greene, Ohio","18.0","15.4","20.9","181"
"Anderson, Tennessee","18.0","14.3","22.5","89"
"Columbia, Oregon","18.0","13.8","23.4","66"
"Montgomery, Ohio","18.0","16.6","19.6","607"
"Jackson, Alabama","18.0","13.7","23.3","65"
"McDowell, West Virginia","18.0","11.7","27.1","27"
"Giles, Virginia","18.0","10.6","28.9","20"
"Door, Wisconsin","18.0","12.4","25.6","43"
"Delaware, Ohio","18.0","15.4","20.9","185"
"Sullivan, New Hampshire","18.0","13.3","24.1","53"
"Muskegon, Michigan","18.0","15.4","20.9","187"
"Flagler, Florida","18.0","15.0","21.6","156"
"Gillespie, Texas","18.0","12.3","25.9","40"
"Randolph, Alabama","18.0","11.6","26.9","28"
"Madison, Idaho","18.0","10.7","28.1","19"
"St. Charles, Louisiana","18.0","13.2","23.9","50"
"Rockland, New York","18.0","16.1","20.1","330"
"Nassau, New York","17.9","17.0","18.8","1550"
"Dona Ana, New Mexico","17.9","15.4","20.6","204"
"Escambia, Florida","17.9","16.0","20.1","333"
"Pushmataha, Oklahoma","17.9","10.4","30.1","17"
"Barrow, Georgia","17.9","13.8","22.9","67"
"George, Mississippi","17.9","11.2","27.1","23"
"Dyer, Tennessee","17.9","12.8","24.5","43"
"Fayette, West Virginia","17.9","13.4","23.5","58"
"Talladega, Alabama","17.9","14.3","22.2","91"
"Merrimack, New Hampshire","17.9","15.2","21.0","169"
"Queen Anne's, Maryland","17.9","13.6","23.3","60"
"Natchitoches, Louisiana","17.9","12.6","24.8","39"
"Mississippi, Arkansas","17.9","12.7","24.4","41"
"Person, North Carolina","17.9","13.0","24.2","47"
"Washington, New York","17.9","13.9","22.7","75"
"Warren, Iowa","17.9","13.3","23.6","53"
"Franklin, Arkansas","17.9","11.0","27.9","22"
"Woodford, Illinois","17.9","12.8","24.6","43"
"Carroll, Ohio","17.9","12.4","25.3","37"
"Cherokee, Iowa","17.9","9.6","31.4","16"
"Lynchburg, Virginia","17.9","13.7","23.0","66"
"Cheboygan, Michigan","17.9","12.3","25.6","40"
"Hancock, Ohio","17.9","14.1","22.4","82"
"Fayette, Iowa","17.8","11.0","27.5","24"
"Plumas, California","17.8","10.9","28.0","28"
"Lake, California","17.8","13.8","22.7","80"
"Onondaga, New York","17.8","16.3","19.5","506"
"Georgetown, South Carolina","17.8","14.0","22.5","89"
"McCormick, South Carolina","17.8","10.6","31.4","20"
"Orange, New York","17.8","16.0","19.8","366"
"Bremer, Iowa","17.8","11.7","26.1","29"
"Ocean, New Jersey","17.8","16.5","19.2","734"
"Hancock, West Virginia","17.8","12.2","25.5","36"
"Freestone, Texas","17.8","11.1","27.3","23"
"Carroll, Indiana","17.8","11.2","27.2","24"
"Wetzel, West Virginia","17.8","10.3","28.9","20"
"Lake, Ohio","17.8","15.7","20.2","271"
"Douglas, Oregon","17.8","14.7","21.5","142"
"Onslow, North Carolina","17.8","14.7","21.2","124"
"Bingham, Idaho","17.8","12.7","24.3","41"
"Broome, New York","17.7","15.3","20.4","220"
"Monroe, Mississippi","17.7","12.6","24.4","42"
"Cumberland, Pennsylvania","17.7","15.6","20.0","276"
"Fresno, California","17.7","16.5","19.0","807"
"Delaware, Indiana","17.7","14.5","21.4","116"
"Miami, Indiana","17.7","12.5","24.4","40"
"Erie, Ohio","17.7","14.2","21.9","96"
"Antrim, Michigan","17.7","11.8","26.0","34"
"Lorain, Ohio","17.7","15.8","19.8","337"
"Mercer, New Jersey","17.7","15.9","19.6","378"
"Boone, Indiana","17.7","13.5","22.9","61"
"Salem, New Jersey","17.7","13.7","22.5","73"
"Butler, Ohio","17.7","15.9","19.7","369"
"Chemung, New York","17.7","14.3","21.8","100"
"Cascade, Montana","17.7","14.1","22.0","90"
"Marlboro, South Carolina","17.7","12.0","25.5","32"
"Jackson, Oregon","17.7","15.5","20.1","263"
"Madison, Alabama","17.7","15.9","19.7","364"
"Weld, Colorado","17.7","15.5","20.1","250"
"Allen, Kentucky","17.7","11.3","26.7","25"
"Hardin, Texas","17.7","13.4","23.1","59"
"Amherst, Virginia","17.7","12.5","24.6","40"
"Windham, Connecticut","17.7","14.7","21.2","130"
"Franklin, Ohio","17.6","16.5","18.7","1071"
"Bayfield, Wisconsin","17.6","9.8","29.9","19"
"Henry, Georgia","17.6","15.2","20.4","197"
"Carbon, Pennsylvania","17.6","13.9","22.1","83"
"Mercer, Ohio","17.6","12.6","23.9","46"
"Will, Illinois","17.6","16.3","19.1","634"
"Westmoreland, Pennsylvania","17.6","15.9","19.4","456"
"Carter, Tennessee","17.6","13.4","22.9","65"
"Lapeer, Michigan","17.6","14.3","21.6","102"
"Suffolk, Virginia","17.6","14.0","21.9","86"
"Bladen, North Carolina","17.6","12.4","24.5","41"
"Arenac, Michigan","17.6","10.0","29.4","19"
"Sussex, Delaware","17.6","15.4","19.9","304"
"Monongalia, West Virginia","17.6","14.0","21.9","88"
"Campbell, Kentucky","17.5","14.2","21.5","99"
"Kane, Illinois","17.5","15.9","19.2","480"
"Dinwiddie, Virginia","17.5","12.0","24.9","34"
"Sevier, Arkansas","17.5","10.1","28.4","17"
"Newton, Missouri","17.5","13.3","22.6","63"
"Lewis and Clark, Montana","17.5","13.5","22.4","73"
"Williamsburg, South Carolina","17.5","12.1","24.6","38"
"Pima, Arizona","17.5","16.4","18.6","1097"
"Dickinson, Iowa","17.5","10.1","28.5","20"
"Baltimore, Maryland","17.5","16.4","18.8","860"
"Erie, Pennsylvania","17.5","15.5","19.7","296"
"Kent, Michigan","17.5","16.1","19.1","576"
"Kaufman, Texas","17.5","14.2","21.3","104"
"Boone, Arkansas","17.5","12.7","23.7","47"
"Morgan, Alabama","17.5","14.6","20.9","128"
"Hocking, Ohio","17.5","11.9","25.1","33"
"Virginia Beach, Virginia","17.5","15.8","19.3","421"
"Crawford, Illinois","17.5","10.8","27.1","22"
"Scott, Iowa","17.5","15.0","20.4","176"
"Burleigh, North Dakota","17.5","14.0","21.7","89"
"Sampson, North Carolina","17.5","13.6","22.3","72"
"Liberty, Texas","17.5","13.7","21.9","78"
"Delaware, Pennsylvania","17.5","16.1","19.0","579"
"Calloway, Kentucky","17.5","12.2","24.3","39"
"Oceana, Michigan","17.5","11.7","25.6","32"
"Lincoln, Oregon","17.4","12.9","23.2","62"
"Osage, Missouri","17.4","9.8","29.1","16"
"Pender, North Carolina","17.4","13.3","22.4","65"
"Nye, Nevada","17.4","12.8","23.3","64"
"Atlantic, New Jersey","17.4","15.4","19.6","298"
"Kerr, Texas","17.4","13.3","22.5","73"
"Iron, Utah","17.4","12.1","24.3","36"
"Dixie, Florida","17.4","10.8","27.2","24"
"Mendocino, California","17.4","14.0","21.4","104"
"Surry, North Carolina","17.4","13.9","21.7","89"
"Sumter, South Carolina","17.4","14.2","21.1","106"
"Dickinson, Michigan","17.4","11.6","25.4","33"
"Jackson, Georgia","17.4","13.3","22.4","63"
"Cattaraugus, New York","17.4","13.8","21.7","88"
"Colbert, Alabama","17.4","13.2","22.6","62"
"Union, Illinois","17.4","10.9","27.1","23"
"Cabarrus, North Carolina","17.4","14.9","20.1","184"
"Boone, Missouri","17.4","14.5","20.8","133"
"Hillsborough, Florida","17.4","16.4","18.4","1269"
"Dallas, Iowa","17.4","13.4","22.2","68"
"Camden, Missouri","17.4","12.8","23.3","62"
"Sarpy, Nebraska","17.4","14.7","20.5","150"
"Whatcom, Washington","17.4","15.1","20.0","216"
"Madera, California","17.4","14.6","20.6","140"
"Kings, California","17.4","14.2","20.9","112"
"Edgecombe, North Carolina","17.4","13.3","22.5","66"
"Gila, Arizona","17.4","12.8","23.0","68"
"Hawkins, Tennessee","17.3","13.3","22.3","69"
"Cass, North Dakota","17.3","14.4","20.6","132"
"Frederick, Maryland","17.3","15.1","19.7","243"
"Camden, Georgia","17.3","12.3","23.8","41"
"Sandusky, Ohio","17.3","13.3","22.2","69"
"Tuscarawas, Ohio","17.3","14.0","21.2","104"
"Montgomery, Indiana","17.3","12.4","23.5","44"
"Lauderdale, Tennessee","17.3","11.5","25.3","29"
"Hamilton, Ohio","17.3","16.1","18.6","805"
"Bollinger, Missouri","17.3","9.7","29.4","16"
"Rowan, North Carolina","17.3","14.5","20.4","150"
"Baker, Florida","17.3","11.2","25.6","26"
"Huntington, Indiana","17.3","12.3","23.9","40"
"Calvert, Maryland","17.3","13.8","21.5","90"
"Nottoway, Virginia","17.3","10.1","28.2","18"
"Kent, Rhode Island","17.3","14.8","20.1","186"
"Bucks, Pennsylvania","17.3","16.0","18.7","719"
"Red River, Texas","17.3","10.0","28.9","18"
"Wabash, Indiana","17.3","11.9","24.3","38"
"Burnet, Texas","17.3","12.8","23.1","56"
"Lunenburg, Virginia","17.3","9.7","29.4","16"
"Spalding, Georgia","17.3","13.3","22.3","66"
"Ionia, Michigan","17.3","13.2","22.2","64"
"Colquitt, Georgia","17.3","12.5","23.3","44"
"Darlington, South Carolina","17.3","13.5","21.9","76"
"Merced, California","17.3","15.0","19.8","206"
"Cape May, New Jersey","17.3","14.3","20.9","132"
"Dougherty, Georgia","17.3","13.8","21.5","88"
"Greenville, South Carolina","17.2","15.7","18.9","487"
"Wayne, Indiana","17.2","13.5","21.7","79"
"Harrison, Ohio","17.2","10.2","27.8","20"
"Collin, Texas","17.2","15.9","18.5","741"
"Menominee, Michigan","17.2","11.5","25.3","33"
"Chippewa, Wisconsin","17.2","13.3","22.0","69"
"St. Joseph, Indiana","17.2","15.2","19.5","271"
"Johnson, Iowa","17.2","14.1","20.9","108"
"Columbiana, Ohio","17.2","14.2","20.7","127"
"Platte, Missouri","17.2","13.9","21.2","96"
"Cayuga, New York","17.2","13.6","21.6","86"
"Eaton, Michigan","17.2","14.1","20.8","117"
"Washington, Iowa","17.2","11.1","25.7","27"
"Thurston, Washington","17.2","15.2","19.5","277"
"Grady, Oklahoma","17.2","12.8","22.6","55"
"Jackson, Louisiana","17.2","10.1","27.7","19"
"Seward, Nebraska","17.2","10.3","27.6","19"
"Marion, Florida","17.2","15.5","19.1","468"
"Yates, New York","17.2","11.1","25.6","29"
"Comanche, Texas","17.1","9.1","29.6","16"
"Amador, California","17.1","12.4","23.4","52"
"Shelby, Texas","17.1","11.1","25.4","26"
"Ector, Texas","17.1","14.1","20.6","118"
"Guilford, North Carolina","17.1","15.6","18.7","496"
"San Juan, New Mexico","17.1","14.0","20.6","114"
"Marshall, Iowa","17.1","12.1","23.7","40"
"Johnson, Missouri","17.1","12.3","23.1","44"
"Bradley, Tennessee","17.1","13.9","20.8","106"
"McDonough, Illinois","17.1","11.2","25.1","30"
"Warren, Missouri","17.1","11.8","24.0","36"
"Richland, Ohio","17.1","14.1","20.4","130"
"McLean, Illinois","17.1","14.4","20.2","147"
"Montezuma, Colorado","17.1","11.1","25.4","29"
"St. Clair, Alabama","17.1","13.6","21.2","87"
"Gloucester, Virginia","17.1","12.3","23.4","45"
"Warren, Ohio","17.1","14.8","19.6","213"
"Baldwin, Alabama","17.1","14.9","19.5","231"
"Madison, Arkansas","17.1","10.1","27.6","19"
"Adams, Colorado","17.1","15.4","19.0","383"
"Habersham, Georgia","17.1","12.5","23.0","47"
"Clackamas, Oregon","17.1","15.4","18.9","430"
"Etowah, Alabama","17.1","14.1","20.7","115"
"Jessamine, Kentucky","17.0","12.5","22.8","48"
"Coffee, Tennessee","17.0","12.7","22.4","55"
"Cumberland, Tennessee","17.0","13.4","21.6","89"
"Rock Island, Illinois","17.0","14.3","20.1","156"
"Montgomery, Alabama","17.0","14.7","19.5","211"
"Umatilla, Oregon","17.0","13.3","21.5","73"
"Polk, Oregon","17.0","13.3","21.5","76"
"Sacramento, California","17.0","16.1","17.9","1358"
"Christian, Missouri","17.0","13.4","21.2","80"
"Franklin, New York","17.0","12.6","22.4","54"
"Coconino, Arizona","17.0","13.8","20.6","108"
"Price, Wisconsin","17.0","9.6","29.0","19"
"Izard, Arkansas","17.0","9.8","28.5","18"
"Bryan, Oklahoma","17.0","12.3","22.9","47"
"Williams, Ohio","17.0","12.1","23.4","42"
"Lincoln, South Dakota","17.0","12.3","22.9","46"
"Santa Cruz, Arizona","17.0","12.4","22.8","48"
"Horry, South Carolina","17.0","15.3","18.9","398"
"Montrose, Colorado","17.0","11.9","23.6","43"
"Pueblo, Colorado","17.0","14.4","19.9","170"
"De Soto, Louisiana","17.0","11.5","24.6","32"
"Mineral, West Virginia","17.0","11.9","24.1","37"
"Henry, Indiana","17.0","12.7","22.5","53"
"Halifax, North Carolina","17.0","12.9","22.1","62"
"Logan, Illinois","17.0","11.4","24.6","31"
"Monroe, Indiana","17.0","14.0","20.6","114"
"San Joaquin, California","17.0","15.7","18.5","611"
"Lassen, California","16.9","11.2","24.7","29"
"Whitley, Kentucky","16.9","11.7","23.9","35"
"Johnson, Tennessee","16.9","10.2","26.8","21"
"Winnebago, Wisconsin","16.9","14.4","19.8","168"
"Elkhart, Indiana","16.9","14.5","19.6","183"
"Roane, West Virginia","16.9","9.8","27.9","18"
"Douglas, Georgia","16.9","13.9","20.4","121"
"Greene, New York","16.9","12.7","22.2","60"
"Harrison, Kentucky","16.9","10.4","26.4","22"
"Ste. Genevieve, Missouri","16.9","9.9","27.2","19"
"Erath, Texas","16.9","11.5","23.9","33"
"Lackawanna, Pennsylvania","16.9","14.7","19.3","237"
"White, Indiana","16.9","11.4","24.6","31"
"Adams, Nebraska","16.9","11.5","24.0","34"
"Venango, Pennsylvania","16.9","13.1","21.8","70"
"Stephenson, Illinois","16.9","12.6","22.3","56"
"Montgomery, Pennsylvania","16.9","15.7","18.1","867"
"Hernando, Florida","16.9","14.7","19.4","251"
"Winneshiek, Iowa","16.9","10.1","26.7","22"
"Bates, Missouri","16.9","9.8","27.6","18"
"Houston, Georgia","16.9","14.0","20.1","129"
"Seminole, Oklahoma","16.9","10.9","25.1","26"
"Bandera, Texas","16.9","11.5","24.8","35"
"Madison, New York","16.9","13.3","21.2","81"
"Alachua, Florida","16.8","14.5","19.2","218"
"Oconto, Wisconsin","16.8","11.6","23.8","38"
"Prince George, Virginia","16.8","11.6","23.5","36"
"Lexington, South Carolina","16.8","14.8","19.0","278"
"Cassia, Idaho","16.8","10.4","25.9","21"
"Kossuth, Iowa","16.8","10.2","26.9","22"
"Chautauqua, New York","16.8","14.1","20.0","146"
"Rockingham, New Hampshire","16.8","14.9","18.8","329"
"Russell, Virginia","16.8","10.8","24.9","29"
"Green, Wisconsin","16.8","11.9","23.2","41"
"Jones, Mississippi","16.8","13.0","21.4","70"
"Benton, Washington","16.8","14.3","19.6","174"
"Mahaska, Iowa","16.8","10.3","26.0","22"
"Ottawa, Ohio","16.8","12.2","22.9","51"
"Tuolumne, California","16.8","12.9","21.7","74"
"Cleveland, Oklahoma","16.8","14.7","19.2","230"
"Forsyth, Georgia","16.8","14.4","19.6","176"
"Stark, Ohio","16.8","15.1","18.5","411"
"Banks, Georgia","16.8","9.5","27.6","17"
"Defiance, Ohio","16.8","11.8","23.4","39"
"Davidson, Tennessee","16.8","15.4","18.3","567"
"Midland, Michigan","16.8","13.5","20.8","94"
"Outagamie, Wisconsin","16.8","14.4","19.6","177"
"Sumner, Tennessee","16.8","14.3","19.5","175"
"Waukesha, Wisconsin","16.8","15.2","18.5","438"
"Jefferson, West Virginia","16.8","12.7","21.9","60"
"Grimes, Texas","16.8","11.2","24.6","30"
"Mason, Washington","16.8","13.2","21.2","83"
"Buchanan, Iowa","16.7","10.3","25.9","22"
"Morris, Texas","16.7","9.2","28.6","16"
"Monmouth, New Jersey","16.7","15.4","18.1","666"
"Benton, Iowa","16.7","11.1","24.5","29"
"Luzerne, Pennsylvania","16.7","14.9","18.6","355"
"Lycoming, Pennsylvania","16.7","13.8","20.2","123"
"Campbell, Virginia","16.7","12.7","21.6","64"
"Kendall, Illinois","16.7","13.4","20.5","95"
"Clayton, Iowa","16.7","10.4","25.9","24"
"Charleston, South Carolina","16.7","15.0","18.6","379"
"Jasper, Indiana","16.7","11.4","23.7","33"
"Washington, Florida","16.7","10.6","25.3","24"
"Polk, Missouri","16.7","11.1","24.3","30"
"Somerset, Maryland","16.7","10.5","25.2","25"
"Custer, Oklahoma","16.7","10.4","25.3","23"
"Monroe, Wisconsin","16.7","12.0","22.7","44"
"Isabella, Michigan","16.7","12.3","22.3","50"
"Madison, Georgia","16.7","11.1","24.4","30"
"Douglas, Missouri","16.7","9.0","29.0","16"
"Lancaster, South Carolina","16.7","13.5","20.6","98"
"Fauquier, Virginia","16.7","13.0","21.2","73"
"Pasco, Florida","16.7","15.3","18.2","602"
"King George, Virginia","16.7","10.3","25.8","22"
"Lafayette, Wisconsin","16.7","9.8","26.9","19"
"Ogemaw, Michigan","16.7","10.5","25.7","27"
"Iosco, Michigan","16.7","11.9","23.6","43"
"Elmore, Idaho","16.7","10.3","25.7","21"
"Warren, Tennessee","16.7","12.0","22.8","43"
"Skagit, Washington","16.6","13.8","19.8","134"
"Klamath, Oregon","16.6","13.0","21.1","78"
"Carteret, North Carolina","16.6","12.9","21.2","80"
"Bonneville, Idaho","16.6","13.3","20.6","88"
"Burleson, Texas","16.6","9.9","26.4","21"
"Lawrence, Indiana","16.6","12.4","22.0","53"
"New Castle, Delaware","16.6","15.2","18.1","524"
"Calaveras, California","16.6","12.1","22.5","61"
"Allamakee, Iowa","16.6","9.2","28.3","17"
"Jefferson, Alabama","16.6","15.3","18.0","641"
"Allegheny, Pennsylvania","16.6","15.7","17.6","1324"
"Platte, Nebraska","16.6","11.5","23.4","36"
"Hidalgo, Texas","16.6","15.3","18.0","594"
"Placer, California","16.6","15.0","18.3","413"
"Carroll, Arkansas","16.6","10.8","24.5","30"
"San Bernardino, California","16.6","15.8","17.4","1675"
"Clatsop, Oregon","16.6","11.9","22.7","46"
"Lake, Florida","16.6","15.0","18.4","442"
"Harris, Texas","16.6","16.0","17.2","3367"
"Lincoln, Maine","16.6","11.3","23.8","41"
"Barbour, Alabama","16.5","10.9","24.1","30"
"Valencia, New Mexico","16.5","12.8","20.9","74"
"Itawamba, Mississippi","16.5","10.3","25.2","23"
"Allegan, Michigan","16.5","13.5","20.1","110"
"Pope, Arkansas","16.5","12.4","21.6","56"
"Logan, Colorado","16.5","9.9","25.9","20"
"DeKalb, Georgia","16.5","15.2","18.0","600"
"Marion, Oregon","16.5","14.7","18.5","312"
"Jefferson, Texas","16.5","14.4","18.8","235"
"Oneida, New York","16.5","14.4","18.8","248"
"Nez Perce, Idaho","16.5","11.8","22.4","45"
"Greene, North Carolina","16.5","10.2","25.5","22"
"Wakulla, Florida","16.5","11.1","23.8","32"
"Fremont, Wyoming","16.5","11.7","22.7","43"
"Chaves, New Mexico","16.5","12.4","21.5","58"
"Lewis, New York","16.5","10.8","24.2","28"
"Dillon, South Carolina","16.5","11.0","23.9","30"
"Marshall, Alabama","16.5","13.3","20.4","92"
"Clayton, Georgia","16.5","14.1","19.1","196"
"Clarke, Virginia","16.5","9.3","27.9","17"
"Polk, Florida","16.5","15.3","17.8","718"
"Lancaster, Nebraska","16.5","14.4","18.7","252"
"Wyoming, Pennsylvania","16.5","11.1","23.9","32"
"Warren, New Jersey","16.5","13.4","20.0","112"
"Ward, North Dakota","16.4","12.2","21.6","53"
"Wyandot, Ohio","16.4","10.4","24.9","24"
"Marion, Iowa","16.4","11.1","23.6","32"
"Walker, Texas","16.4","12.4","21.3","59"
"Steuben, New York","16.4","13.3","20.2","103"
"Cuyahoga, Ohio","16.4","15.4","17.3","1308"
"Bronx, New York","16.4","15.5","17.4","1173"
"Lucas, Ohio","16.4","14.8","18.1","419"
"Chester, South Carolina","16.4","11.2","23.2","35"
"Montgomery, Tennessee","16.4","13.6","19.6","126"
"New Haven, Connecticut","16.4","15.3","17.6","864"
"Lawrence, Illinois","16.4","9.2","27.1","16"
"Bergen, New Jersey","16.4","15.3","17.5","972"
"Wilson, Tennessee","16.4","13.6","19.6","132"
"Henry, Tennessee","16.4","11.3","23.3","37"
"Lake, Illinois","16.4","15.1","17.7","634"
"Bond, Illinois","16.4","9.7","26.4","19"
"Clay, Indiana","16.4","10.7","24.3","27"
"Towns, Georgia","16.4","9.0","29.7","18"
"Whitley, Indiana","16.4","11.3","23.2","35"
"Lauderdale, Mississippi","16.4","12.9","20.6","78"
"Boyle, Kentucky","16.4","10.9","23.8","30"
"Adams, Pennsylvania","16.4","13.4","20.0","112"
"Tattnall, Georgia","16.3","10.3","24.8","23"
"DuPage, Illinois","16.3","15.2","17.4","875"
"Cumberland, North Carolina","16.3","14.4","18.5","255"
"Ozaukee, Wisconsin","16.3","13.1","20.1","98"
"Stevens, Washington","16.3","11.8","22.1","52"
"Monroe, Illinois","16.3","11.3","22.9","37"
"Lyon, Nevada","16.3","12.3","21.4","61"
"Luna, New Mexico","16.3","10.1","24.8","25"
"Bastrop, Texas","16.3","12.7","20.5","77"
"Baldwin, Georgia","16.3","11.4","22.7","39"
"McHenry, Illinois","16.3","14.4","18.4","283"
"Lowndes, Georgia","16.3","13.0","20.2","87"
"Coffee, Alabama","16.3","12.0","21.7","50"
"Litchfield, Connecticut","16.3","14.1","18.9","216"
"Toombs, Georgia","16.3","10.7","24.1","27"
"Coshocton, Ohio","16.3","11.3","22.7","38"
"Roanoke, Virginia","16.3","13.1","20.1","95"
"Fulton, Georgia","16.3","15.1","17.5","782"
"Providence, Rhode Island","16.3","15.0","17.7","589"
"Alexander, North Carolina","16.3","11.5","22.6","40"
"Nicholas, West Virginia","16.2","10.7","23.9","30"
"Yamhill, Oregon","16.2","13.1","19.8","101"
"Tulare, California","16.2","14.5","18.1","332"
"Hendry, Florida","16.2","11.1","22.9","33"
"Cook, Illinois","16.2","15.7","16.6","4624"
"Newport, Rhode Island","16.2","12.9","20.1","93"
"Pinal, Arizona","16.2","14.6","17.9","410"
"Hartford, Connecticut","16.2","15.1","17.3","886"
"Clarion, Pennsylvania","16.2","11.7","22.1","44"
"Klickitat, Washington","16.2","10.1","25.2","24"
"Colonial Heights, Virginia","16.2","9.4","26.3","18"
"Bledsoe, Tennessee","16.1","9.1","27.2","16"
"Sullivan, New York","16.1","12.6","20.3","80"
"Madison, North Carolina","16.1","10.1","24.7","25"
"Coweta, Georgia","16.1","13.3","19.4","121"
"Trempealeau, Wisconsin","16.1","11.0","23.0","33"
"Grays Harbor, Washington","16.1","12.7","20.3","82"
"Beaver, Pennsylvania","16.1","13.8","18.7","196"
"Washington, Missouri","16.1","10.4","24.0","26"
"Fulton, Ohio","16.1","11.4","22.1","42"
"St. Lawrence, New York","16.1","13.1","19.6","107"
"Butler, Pennsylvania","16.1","13.9","18.6","197"
"Park, Wyoming","16.1","10.6","23.5","31"
"Putnam, Georgia","16.1","10.6","24.1","29"
"Montmorency, Michigan","16.1","9.0","30.1","16"
"Essex, Massachusetts","16.1","15.0","17.4","767"
"York, Pennsylvania","16.1","14.6","17.7","450"
"Fayette, Kentucky","16.1","14.1","18.2","255"
"Montgomery, Texas","16.1","14.6","17.6","460"
"Washington, Oklahoma","16.0","11.9","21.1","56"
"Gilchrist, Florida","16.0","9.2","26.2","18"
"Missaukee, Michigan","16.0","9.1","26.7","17"
"Denton, Texas","16.0","14.7","17.5","560"
"Cheshire, New Hampshire","16.0","12.5","20.2","80"
"Jasper, Mississippi","16.0","9.0","26.6","17"
"Shelby, Alabama","16.0","13.7","18.5","186"
"Staunton, Virginia","16.0","10.3","23.9","27"
"Sharp, Arkansas","16.0","9.5","25.8","22"
"Carroll, Maryland","16.0","13.6","18.7","167"
"Marion, Arkansas","16.0","9.2","26.5","22"
"Berkshire, Massachusetts","16.0","13.4","19.1","152"
"Brown, Texas","16.0","11.1","22.4","38"
"Buncombe, North Carolina","16.0","14.2","18.1","277"
"Montgomery, North Carolina","16.0","10.1","24.1","26"
"Spokane, Washington","16.0","14.6","17.6","464"
"Webster, Missouri","16.0","11.1","22.3","36"
"Clare, Michigan","16.0","11.0","22.8","37"
"York, South Carolina","16.0","13.9","18.3","221"
"Montour, Pennsylvania","16.0","9.1","26.4","18"
"Santa Rosa, Florida","16.0","13.5","18.8","157"
"Deschutes, Oregon","15.9","13.6","18.5","183"
"Cobb, Georgia","15.9","14.6","17.3","580"
"Pike, Pennsylvania","15.9","12.1","20.7","66"
"Shelby, Ohio","15.9","11.5","21.5","45"
"Carter, Oklahoma","15.9","11.6","21.4","47"
"Lee, North Carolina","15.9","12.0","20.8","59"
"Benton, Arkansas","15.9","13.8","18.3","208"
"Chatham, North Carolina","15.9","12.5","20.1","82"
"Pike, Alabama","15.9","10.4","23.3","28"
"Stanly, North Carolina","15.9","12.1","20.7","62"
"Delaware, New York","15.9","11.3","21.9","47"
"Travis, Texas","15.9","14.8","17.1","809"
"Norfolk, Massachusetts","15.9","14.7","17.2","690"
"Mahoning, Ohio","15.9","13.8","18.1","246"
"St. Mary's, Maryland","15.9","12.7","19.6","92"
"Madison, Florida","15.9","9.3","25.8","18"
"Dutchess, New York","15.8","14.1","17.8","307"
"Passaic, New Jersey","15.8","14.4","17.4","438"
"Charles, Maryland","15.8","13.2","18.8","134"
"Pemiscot, Missouri","15.8","8.8","26.3","16"
"Snohomish, Washington","15.8","14.6","17.1","670"
"St. Lucie, Florida","15.8","14.1","17.7","352"
"Texas, Missouri","15.8","10.1","23.6","27"
"Volusia, Florida","15.8","14.5","17.1","631"
"Livingston, Missouri","15.8","9.2","26.1","17"
"Schenectady, New York","15.8","13.3","18.6","154"
"Martin, North Carolina","15.8","9.9","24.3","25"
"Levy, Florida","15.8","11.5","21.4","51"
"Chatham, Georgia","15.8","13.9","18.0","248"
"Aransas, Texas","15.7","10.0","23.8","29"
"Russell, Kentucky","15.7","9.2","25.3","19"
"Santa Barbara, California","15.7","14.2","17.4","377"
"Wilkes, North Carolina","15.7","12.2","19.9","76"
"Osceola, Florida","15.7","13.8","17.8","262"
"Oakland, Michigan","15.7","14.8","16.6","1202"
"Lee, Illinois","15.7","11.2","21.8","41"
"Sevier, Tennessee","15.7","12.7","19.2","102"
"Windham, Vermont","15.7","11.2","21.4","46"
"Barnwell, South Carolina","15.7","9.6","24.3","22"
"Union, North Carolina","15.7","13.4","18.3","176"
"Henderson, North Carolina","15.7","13.0","18.9","136"
"Brazos, Texas","15.7","13.0","18.8","124"
"De Witt, Illinois","15.7","8.7","26.5","16"
"Okaloosa, Florida","15.7","13.5","18.2","185"
"Morris, New Jersey","15.7","14.3","17.2","488"
"Laramie, Wyoming","15.7","12.5","19.6","84"
"Tippecanoe, Indiana","15.7","13.0","18.7","128"
"Middlesex, New Jersey","15.7","14.6","16.9","730"
"Washington, Rhode Island","15.6","12.9","18.8","133"
"Bristol, Massachusetts","15.6","14.3","17.0","536"
"Chilton, Alabama","15.6","11.1","21.3","42"
"Taylor, Kentucky","15.6","9.7","24.0","23"
"Clarke, Georgia","15.6","12.2","19.6","77"
"Champaign, Illinois","15.6","13.2","18.4","149"
"Pitt, North Carolina","15.6","13.0","18.5","137"
"Lancaster, Pennsylvania","15.6","14.2","17.0","502"
"Eau Claire, Wisconsin","15.6","12.5","19.4","88"
"Baxter, Arkansas","15.6","11.4","21.1","58"
"La Crosse, Wisconsin","15.6","12.7","19.0","108"
"James City, Virginia","15.5","12.2","19.6","86"
"Elko, Nevada","15.5","10.9","21.5","39"
"Alpena, Michigan","15.5","10.4","22.6","33"
"Kennebec, Maine","15.5","12.8","18.6","131"
"Shenandoah, Virginia","15.5","11.1","21.2","46"
"Huntingdon, Pennsylvania","15.5","11.3","21.0","49"
"Somerset, Maine","15.5","11.6","20.3","58"
"Morgan, Missouri","15.5","9.6","24.2","25"
"Newton, Texas","15.5","9.0","25.8","17"
"Gogebic, Michigan","15.5","9.4","25.2","21"
"Sutter, California","15.5","12.3","19.3","83"
"O'Brien, Iowa","15.5","9.2","25.5","19"
"Lenawee, Michigan","15.5","12.6","18.9","105"
"Josephine, Oregon","15.5","12.4","19.3","102"
"Mason, Illinois","15.5","9.1","25.7","18"
"Yolo, California","15.5","13.1","18.2","153"
"Portage, Ohio","15.5","13.0","18.4","145"
"Pittsylvania, Virginia","15.4","11.8","20.0","67"
"Tyler, Texas","15.4","9.6","23.7","24"
"Geneva, Alabama","15.4","10.1","22.9","28"
"Hockley, Texas","15.4","9.5","23.9","21"
"Henry, Iowa","15.4","9.2","24.5","20"
"Sussex, New Jersey","15.4","12.9","18.2","154"
"Summit, Ohio","15.4","14.1","16.9","517"
"Tooele, Utah","15.4","10.8","21.1","40"
"Payette, Idaho","15.4","9.5","23.8","22"
"Fremont, Colorado","15.4","11.2","20.8","49"
"Westchester, New York","15.4","14.3","16.4","914"
"York, Maine","15.4","13.3","17.7","215"
"Lafayette, Mississippi","15.4","10.7","21.4","37"
"Hall, Georgia","15.4","13.1","18.0","161"
"Sawyer, Wisconsin","15.4","9.3","24.8","22"
"Washburn, Wisconsin","15.3","9.3","24.9","22"
"Saluda, South Carolina","15.3","9.3","24.1","21"
"Calhoun, South Carolina","15.3","9.0","25.4","18"
"Bristol, Rhode Island","15.3","11.4","20.3","55"
"Cooke, Texas","15.3","10.8","21.3","40"
"Kosciusko, Indiana","15.3","11.8","19.5","68"
"Mitchell, Georgia","15.3","9.4","23.8","21"
"Siskiyou, California","15.3","11.5","20.3","57"
"Mecklenburg, North Carolina","15.3","14.2","16.4","755"
"Carbon, Utah","15.3","9.1","24.3","19"
"Greene, Missouri","15.3","13.5","17.4","253"
"Yavapai, Arizona","15.2","13.3","17.3","303"
"Stutsman, North Dakota","15.2","9.0","24.2","20"
"Fayette, Texas","15.2","9.6","23.1","27"
"Harrisonburg, Virginia","15.2","10.1","21.9","29"
"Jasper, South Carolina","15.2","10.0","22.5","28"
"Hamilton, Indiana","15.2","13.3","17.4","230"
"Wood, Ohio","15.2","12.4","18.5","108"
"Mitchell, North Carolina","15.1","9.0","24.9","19"
"Noble, Indiana","15.1","10.7","20.6","42"
"Baker, Oregon","15.1","8.0","26.4","17"
"Sumter, Florida","15.1","12.2","18.8","219"
"Clark, Washington","15.1","13.6","16.7","400"
"Brevard, Florida","15.1","13.9","16.4","658"
"Maricopa, Arizona","15.1","14.6","15.6","3446"
"Galveston, Texas","15.1","13.3","17.1","271"
"Wexford, Michigan","15.0","10.1","21.6","32"
"Sanilac, Michigan","15.0","10.6","20.8","42"
"McDonald, Missouri","15.0","9.1","23.5","20"
"Mercer, West Virginia","15.0","11.2","19.8","59"
"Jackson, Michigan","15.0","12.6","17.7","150"
"Whitfield, Georgia","15.0","11.9","18.7","81"
"Dawson, Nebraska","15.0","9.3","23.0","22"
"Denver, Colorado","15.0","13.7","16.4","484"
"San Diego, California","15.0","14.4","15.6","2600"
"Belknap, New Hampshire","15.0","11.5","19.3","69"
"Union, New Jersey","15.0","13.6","16.4","467"
"Ada, Idaho","15.0","13.4","16.8","342"
"Fort Bend, Texas","15.0","13.7","16.5","505"
"Bell, Kentucky","15.0","9.8","22.3","27"
"Weber, Utah","15.0","12.8","17.5","164"
"Frederick, Virginia","15.0","11.8","18.8","81"
"Muscogee, Georgia","14.9","12.6","17.5","153"
"Northampton, North Carolina","14.9","8.8","24.0","23"
"Davison, South Dakota","14.9","8.2","24.8","16"
"Franklin, Maine","14.9","9.7","22.1","31"
"Chester, Pennsylvania","14.9","13.5","16.4","460"
"Gwinnett, Georgia","14.9","13.7","16.2","586"
"Ulster, New York","14.9","12.7","17.3","183"
"Barnstable, Massachusetts","14.9","13.0","17.1","280"
"Lee, Mississippi","14.9","11.6","18.8","71"
"Fairfield, Connecticut","14.9","13.9","16.0","842"
"Upson, Georgia","14.9","9.5","22.4","25"
"Titus, Texas","14.9","9.5","22.3","24"
"Allen, Indiana","14.9","13.2","16.7","293"
"Glynn, Georgia","14.9","11.8","18.5","87"
"Giles, Tennessee","14.9","10.1","21.5","32"
"San Benito, California","14.9","10.7","20.1","44"
"Currituck, North Carolina","14.9","9.3","22.8","24"
"Adams, Mississippi","14.8","9.9","21.4","31"
"Gray, Texas","14.8","8.9","23.1","20"
"Austin, Texas","14.8","9.8","21.6","30"
"Comal, Texas","14.8","12.2","17.8","124"
"Franklin, North Carolina","14.8","11.3","19.1","63"
"San Mateo, California","14.8","13.6","16.0","665"
"Burnett, Wisconsin","14.8","8.5","25.1","20"
"Meade, South Dakota","14.8","9.1","22.7","23"
"Dunn, Wisconsin","14.8","10.3","20.6","37"
"Latah, Idaho","14.8","9.7","21.7","28"
"Greene, Georgia","14.8","9.2","23.5","24"
"Cowlitz, Washington","14.8","11.9","18.3","96"
"Gratiot, Michigan","14.8","10.4","20.6","37"
"Orange, Florida","14.8","13.8","15.8","928"
"Osage, Oklahoma","14.8","10.7","20.0","46"
"Hampshire, Massachusetts","14.8","12.4","17.5","145"
"Riverside, California","14.7","14.1","15.4","1845"
"Jackson, North Carolina","14.7","10.3","20.6","38"
"Sandoval, New Mexico","14.7","12.2","17.7","127"
"Cherokee, North Carolina","14.7","9.9","21.5","37"
"Clarke, Mississippi","14.7","8.4","24.5","17"
"Story, Iowa","14.7","11.2","19.0","62"
"Grant, New Mexico","14.7","9.2","22.3","28"
"Rockingham, Virginia","14.6","11.4","18.4","76"
"Schuyler, New York","14.6","8.6","23.8","19"
"Humboldt, California","14.6","12.0","17.6","119"
"Middlesex, Massachusetts","14.6","13.8","15.4","1332"
"Contra Costa, California","14.6","13.7","15.6","955"
"Wayne, Pennsylvania","14.6","10.8","19.5","57"
"Isle of Wight, Virginia","14.6","10.2","20.6","37"
"Iredell, North Carolina","14.6","12.3","17.3","150"
"Somerset, New Jersey","14.6","12.9","16.4","289"
"Kalamazoo, Michigan","14.6","12.6","16.8","200"
"Iron, Michigan","14.6","8.5","26.0","18"
"Bannock, Idaho","14.6","11.1","18.8","62"
"Columbia, Pennsylvania","14.6","11.2","18.9","64"
"Jones, Texas","14.6","8.6","23.5","18"
"Pinellas, Florida","14.6","13.7","15.6","1068"
"Curry, Oregon","14.6","9.0","23.1","30"
"Columbia, Georgia","14.6","11.9","17.6","110"
"Pontotoc, Mississippi","14.6","9.3","21.8","25"
"Westmoreland, Virginia","14.6","8.6","23.8","21"
"Lumpkin, Georgia","14.6","9.6","21.6","28"
"Washington, Oregon","14.5","13.2","16.0","437"
"LaGrange, Indiana","14.5","9.4","21.2","27"
"Palo Pinto, Texas","14.5","9.4","21.6","27"
"Island, Washington","14.5","11.4","18.1","90"
"Washoe, Nevada","14.5","13.0","16.1","373"
"Seminole, Florida","14.5","13.0","16.1","382"
"Hancock, Maine","14.5","11.0","19.1","63"
"Rockbridge, Virginia","14.5","9.2","22.4","25"
"Washington, Vermont","14.5","10.9","19.1","57"
"Pike, Missouri","14.5","8.1","24.0","16"
"Mercer, Illinois","14.5","8.2","24.4","17"
"Bulloch, Georgia","14.5","10.7","19.2","50"
"Suffolk, Massachusetts","14.4","13.2","15.8","532"
"Suwannee, Florida","14.4","10.2","19.8","44"
"Montcalm, Michigan","14.4","10.8","18.8","58"
"White, Georgia","14.4","9.6","21.1","31"
"Anderson, Texas","14.4","10.6","19.2","48"
"Miller, Missouri","14.4","9.0","22.0","24"
"Bonner, Idaho","14.4","10.5","19.6","51"
"Durham, North Carolina","14.4","12.5","16.6","218"
"Okanogan, Washington","14.4","10.3","19.8","45"
"Cochise, Arizona","14.4","11.9","17.4","124"
"Talbot, Maryland","14.4","10.6","19.5","51"
"Branch, Michigan","14.3","10.3","19.6","42"
"Kings, New York","14.3","13.7","15.0","1955"
"Forsyth, North Carolina","14.3","12.8","16.1","309"
"Honolulu, Hawaii","14.3","13.3","15.3","827"
"Ashe, North Carolina","14.3","9.3","21.5","30"
"St. Clair, Michigan","14.3","12.1","16.9","152"
"Clark, Nevada","14.3","13.6","15.0","1656"
"Ottawa, Michigan","14.3","12.4","16.5","205"
"Caroline, Maryland","14.3","9.4","21.0","28"
"Manistee, Michigan","14.3","9.2","21.7","29"
"Harris, Georgia","14.3","9.6","20.6","33"
"Uintah, Utah","14.3","8.8","21.9","21"
"Anson, North Carolina","14.3","8.9","22.0","23"
"Morton, North Dakota","14.2","9.1","21.1","26"
"El Dorado, California","14.2","12.1","16.6","184"
"Newport News, Virginia","14.2","11.9","16.9","134"
"Belmont, Ohio","14.2","10.9","18.2","70"
"Mason, Michigan","14.2","9.3","21.0","30"
"Montgomery, Virginia","14.2","10.8","18.4","59"
"Wake, North Carolina","14.2","13.1","15.3","695"
"Piatt, Illinois","14.2","8.0","23.7","16"
"Arapahoe, Colorado","14.1","12.8","15.5","453"
"Tillamook, Oregon","14.1","9.0","21.5","30"
"Cass, Michigan","14.1","10.4","18.8","53"
"Dare, North Carolina","14.1","9.7","19.9","38"
"Lee, Texas","14.1","7.8","23.7","16"
"Citrus, Florida","14.1","11.8","16.7","204"
"Indian River, Florida","14.1","11.9","16.7","189"
"Henry, Ohio","14.1","8.9","21.3","25"
"Salem, Virginia","14.1","8.5","22.1","21"
"Calhoun, Michigan","14.1","11.6","17.0","117"
"Blount, Alabama","14.1","10.5","18.6","54"
"Churchill, Nevada","14.1","8.6","21.9","22"
"Ventura, California","14.1","13.1","15.3","678"
"Benton, Missouri","14.1","7.8","23.9","20"
"Lawrence, Alabama","14.1","9.5","20.2","32"
"Orleans, Vermont","14.1","8.8","21.5","26"
"Shasta, California","14.1","12.0","16.5","179"
"Los Angeles, California","14.0","13.7","14.3","7371"
"Washtenaw, Michigan","14.0","12.3","15.9","252"
"Waushara, Wisconsin","14.0","8.9","21.3","27"
"Franklin, Georgia","14.0","8.9","21.4","24"
"Twin Falls, Idaho","14.0","10.8","18.0","64"
"Salt Lake, Utah","14.0","12.9","15.1","688"
"King, Washington","14.0","13.3","14.7","1567"
"Multnomah, Oregon","14.0","12.8","15.2","580"
"Middlesex, Connecticut","14.0","11.8","16.5","157"
"Walla Walla, Washington","14.0","10.4","18.6","53"
"Berrien, Georgia","13.9","8.0","22.7","17"
"Richland, Wisconsin","13.9","7.7","23.3","18"
"Powhatan, Virginia","13.9","8.9","20.9","27"
"Blaine, Idaho","13.9","8.1","22.5","19"
"Dodge, Georgia","13.9","8.1","22.4","18"
"Cullman, Alabama","13.9","10.8","17.7","73"
"Barron, Wisconsin","13.9","9.9","19.0","46"
"McMinn, Tennessee","13.9","10.3","18.6","52"
"Marshall, Indiana","13.9","9.7","19.2","39"
"Calhoun, Alabama","13.9","11.1","17.1","95"
"Malheur, Oregon","13.9","9.0","20.6","26"
"Trumbull, Ohio","13.9","11.9","16.2","196"
"Sonoma, California","13.9","12.6","15.3","455"
"Broomfield, Colorado","13.9","10.1","18.7","46"
"Tolland, Connecticut","13.9","11.5","16.8","120"
"St. Johns, Florida","13.8","11.9","15.9","211"
"Clearfield, Pennsylvania","13.8","10.8","17.3","79"
"Dawson, Georgia","13.8","8.2","21.9","21"
"Lane, Oregon","13.8","12.2","15.5","317"
"Lee, Alabama","13.8","11.2","16.8","102"
"Hillsborough, New Hampshire","13.8","12.3","15.4","340"
"Jefferson, Iowa","13.8","7.2","24.2","17"
"Martin, Florida","13.8","11.6","16.3","189"
"Ashtabula, Ohio","13.8","11.0","17.1","91"
"Hunterdon, New Jersey","13.8","11.3","16.8","117"
"Davis, Utah","13.8","11.9","15.9","197"
"Benton, Oregon","13.8","10.5","17.8","65"
"Fairbanks North Star, Alaska","13.8","10.2","18.2","59"
"Saline, Missouri","13.7","8.2","21.8","20"
"Utah, Utah","13.7","12.1","15.6","256"
"Carson City, Nevada","13.7","10.1","18.4","51"
"Douglas, Nevada","13.7","10.3","18.2","62"
"Carroll, New Hampshire","13.7","9.8","18.9","52"
"Curry, New Mexico","13.7","9.4","19.4","33"
"Windsor, Vermont","13.7","10.0","18.4","53"
"Cumberland, Maine","13.7","12.1","15.6","265"
"Anne Arundel, Maryland","13.7","12.4","15.0","439"
"Dent, Missouri","13.7","7.6","23.3","16"
"Jefferson, Colorado","13.7","12.5","15.1","474"
"Wayne, Kentucky","13.7","8.0","22.1","19"
"Wasatch, Utah","13.7","8.1","21.8","19"
"Larimer, Colorado","13.6","11.9","15.5","245"
"Emanuel, Georgia","13.6","7.8","22.1","17"
"Yakima, Washington","13.6","11.6","15.8","172"
"Monroe, Georgia","13.6","8.8","20.4","27"
"Roane, Tennessee","13.6","10.2","18.0","58"
"Tioga, New York","13.6","9.9","18.4","47"
"Orange, Vermont","13.6","9.0","20.2","29"
"Jefferson, Idaho","13.6","7.8","21.9","17"
"Danville, Virginia","13.6","9.3","19.2","37"
"Cherokee, Alabama","13.6","8.7","20.7","25"
"Fayette, Georgia","13.6","11.0","16.8","100"
"El Paso, Colorado","13.6","12.4","15.0","455"
"Bernalillo, New Mexico","13.6","12.4","14.9","526"
"Le Flore, Oklahoma","13.6","9.7","18.6","43"
"Cache, Utah","13.5","10.2","17.4","58"
"Ingham, Michigan","13.5","11.6","15.6","193"
"Bedford, Virginia","13.5","10.3","17.5","69"
"Box Elder, Utah","13.5","9.3","18.9","34"
"Queens, New York","13.5","12.8","14.1","1793"
"Wayne, Ohio","13.5","10.8","16.8","88"
"Pennington, South Dakota","13.4","10.7","16.7","90"
"Fluvanna, Virginia","13.4","8.6","20.2","25"
"Chittenden, Vermont","13.4","11.0","16.1","120"
"Orange, California","13.4","12.8","13.9","2329"
"Butte, California","13.4","11.4","15.6","183"
"Essex, New Jersey","13.4","12.3","14.5","575"
"Cortland, New York","13.4","9.4","18.7","38"
"Taney, Missouri","13.3","9.6","17.9","49"
"Grand Traverse, Michigan","13.3","10.4","16.7","81"
"Roanoke, Virginia","13.3","10.6","16.5","89"
"Guernsey, Ohio","13.3","9.3","18.7","37"
"Brown, South Dakota","13.3","8.8","19.4","31"
"Santa Clara, California","13.3","12.6","14.0","1343"
"Van Wert, Ohio","13.3","8.7","19.9","26"
"Franklin, Washington","13.2","9.7","17.6","49"
"Hampton, South Carolina","13.2","7.6","21.7","17"
"Essex, New York","13.2","9.2","18.6","40"
"Clinton, Michigan","13.2","9.9","17.2","57"
"Ohio, West Virginia","13.2","9.3","18.5","40"
"DeKalb, Alabama","13.2","9.8","17.4","54"
"Nacogdoches, Texas","13.2","9.6","17.9","45"
"Miami-Dade, Florida","13.2","12.6","13.8","2106"
"Jefferson, Washington","13.2","8.9","19.5","41"
"Mesa, Colorado","13.2","10.8","15.9","121"
"San Luis Obispo, California","13.2","11.5","15.1","238"
"Green Lake, Wisconsin","13.1","7.6","21.7","18"
"Grafton, New Hampshire","13.1","10.3","16.6","82"
"Unicoi, Tennessee","13.1","7.7","21.6","19"
"Piscataquis, Maine","13.1","8.2","21.3","22"
"Franklin, Indiana","13.1","7.9","20.9","20"
"Missoula, Montana","13.1","10.4","16.3","86"
"Delta, Colorado","13.1","8.2","20.0","28"
"Portage, Wisconsin","13.1","9.7","17.3","54"
"Payne, Oklahoma","13.0","9.5","17.4","48"
"Aiken, South Carolina","13.0","10.9","15.6","138"
"Leon, Florida","13.0","11.1","15.1","184"
"Steuben, Indiana","13.0","8.6","18.9","30"
"Catoosa, Georgia","13.0","9.7","17.2","53"
"Warren, Virginia","13.0","8.5","19.1","28"
"Charlevoix, Michigan","13.0","7.8","20.6","23"
"Knox, Ohio","13.0","9.4","17.6","47"
"Kent, Maryland","12.9","7.8","21.0","21"
"Stephens, Georgia","12.9","7.8","20.1","22"
"Franklin, Virginia","12.9","9.6","17.1","55"
"Rowan, Kentucky","12.9","7.3","21.3","16"
"Leelanau, Michigan","12.9","7.6","21.0","23"
"Rutland, Vermont","12.9","9.6","17.2","55"
"Alameda, California","12.8","12.0","13.6","1123"

"undefined"